/*
 Navicat Premium Dump SQL

 Source Server         : test
 Source Server Type    : MySQL
 Source Server Version : 80044 (8.0.44)
 Source Host           : localhost:3306
 Source Schema         : attendance_sys

 Target Server Type    : MySQL
 Target Server Version : 80044 (8.0.44)
 File Encoding         : 65001

 Date: 22/04/2026 21:43:18
*/
create database if not exists attendance_sys;
use attendance_sys;
SET NAMES utf8mb4;
SET FOREIGN_KEY_CHECKS = 0;

-- ----------------------------
-- Table structure for approval_permission
-- ----------------------------
DROP TABLE IF EXISTS `approval_permission`;
CREATE TABLE `approval_permission`  (
  `id` bigint NOT NULL AUTO_INCREMENT COMMENT '主键',
  `org_unit_id` bigint NOT NULL COMMENT '组织ID',
  `role_code` varchar(50) CHARACTER SET utf8mb4 COLLATE utf8mb4_unicode_ci NOT NULL COMMENT '角色编码',
  `applicant_type` varchar(30) CHARACTER SET utf8mb4 COLLATE utf8mb4_unicode_ci NULL DEFAULT NULL COMMENT '申请人类型',
  `position_level_code` varchar(30) CHARACTER SET utf8mb4 COLLATE utf8mb4_unicode_ci NULL DEFAULT NULL COMMENT '岗位级别',
  `leave_scope` varchar(30) CHARACTER SET utf8mb4 COLLATE utf8mb4_unicode_ci NULL DEFAULT NULL COMMENT '假别范围',
  `min_days` decimal(8, 2) NULL DEFAULT NULL COMMENT '最小天数',
  `max_days` decimal(8, 2) NULL DEFAULT NULL COMMENT '最大天数',
  `is_enabled` tinyint NOT NULL DEFAULT 1 COMMENT '是否启用',
  `created_at` datetime NOT NULL DEFAULT CURRENT_TIMESTAMP COMMENT '创建时间',
  `updated_at` datetime NOT NULL DEFAULT CURRENT_TIMESTAMP ON UPDATE CURRENT_TIMESTAMP COMMENT '更新时间',
  PRIMARY KEY (`id`) USING BTREE,
  INDEX `idx_approval_permission_org_unit_id`(`org_unit_id` ASC) USING BTREE,
  CONSTRAINT `fk_approval_permission_org_unit` FOREIGN KEY (`org_unit_id`) REFERENCES `org_unit` (`id`) ON DELETE RESTRICT ON UPDATE RESTRICT
) ENGINE = InnoDB AUTO_INCREMENT = 1370 CHARACTER SET = utf8mb4 COLLATE = utf8mb4_unicode_ci COMMENT = '审批权限配置表' ROW_FORMAT = DYNAMIC;

-- ----------------------------
-- Records of approval_permission
-- ----------------------------
INSERT INTO `approval_permission` VALUES (1, 2, 'PARTY_SECRETARY', 'CADRE', 'SECTION_LEVEL', 'ALL', NULL, NULL, 1, '2026-04-18 11:57:29', '2026-04-18 17:20:59');
INSERT INTO `approval_permission` VALUES (2, 2, 'PARTY_SECRETARY', 'EMPLOYEE', 'STAFF', 'PERSONAL', 30.01, NULL, 1, '2026-04-18 11:57:29', '2026-04-18 17:21:08');
INSERT INTO `approval_permission` VALUES (3, 2, 'STATIONMASTER', 'EMPLOYEE', 'STAFF', 'PERSONAL', 10.01, NULL, 1, '2026-04-18 11:57:29', '2026-04-21 18:03:50');
INSERT INTO `approval_permission` VALUES (4, 2, 'STATIONMASTER', 'EMPLOYEE', 'STAFF', 'SICK', 30.01, NULL, 1, '2026-04-18 11:57:29', '2026-04-18 17:22:20');
INSERT INTO `approval_permission` VALUES (5, 2, 'UNIT_LEADER', 'CADRE', 'SECTION_LEVEL', 'ALL', NULL, NULL, 1, '2026-04-18 11:57:29', '2026-04-18 17:22:20');
INSERT INTO `approval_permission` VALUES (6, 2, 'UNIT_LEADER', 'EMPLOYEE', 'STAFF', 'PERSONAL', 5.01, NULL, 1, '2026-04-18 11:57:29', '2026-04-18 17:22:20');
INSERT INTO `approval_permission` VALUES (7, 2, 'UNIT_LEADER', 'EMPLOYEE', 'STAFF', 'SICK', 7.01, NULL, 1, '2026-04-18 11:57:29', '2026-04-18 17:22:20');
INSERT INTO `approval_permission` VALUES (8, 2, 'DEPUTY_STATIONMASTER', 'EMPLOYEE', 'STAFF', 'PERSONAL', 5.01, 10.00, 1, '2026-04-18 11:57:29', '2026-04-18 17:22:20');
INSERT INTO `approval_permission` VALUES (9, 2, 'DEPUTY_STATIONMASTER', 'EMPLOYEE', 'STAFF', 'SICK', 7.01, 30.00, 1, '2026-04-18 11:57:29', '2026-04-18 17:22:20');
INSERT INTO `approval_permission` VALUES (10, 2, 'HR_SECTION_CHIEF', 'CADRE', 'SECTION_LEVEL', 'ALL', NULL, NULL, 1, '2026-04-18 11:57:29', '2026-04-18 17:22:20');
INSERT INTO `approval_permission` VALUES (11, 2, 'HR_SECTION_CHIEF', 'CADRE', 'GENERAL_CADRE', 'ALL', NULL, NULL, 1, '2026-04-18 11:57:29', '2026-04-18 17:22:20');
INSERT INTO `approval_permission` VALUES (12, 2, 'HR_SECTION_CHIEF', 'EMPLOYEE', 'STAFF', 'PERSONAL', 5.01, NULL, 1, '2026-04-18 11:57:29', '2026-04-18 17:22:20');
INSERT INTO `approval_permission` VALUES (13, 2, 'HR_SECTION_CHIEF', 'EMPLOYEE', 'STAFF', 'SICK', NULL, NULL, 1, '2026-04-18 11:57:29', '2026-04-21 17:01:22');
INSERT INTO `approval_permission` VALUES (14, 2, 'HR_SECTION_CHIEF', 'EMPLOYEE', 'STAFF', 'OTHER', NULL, NULL, 1, '2026-04-18 11:57:29', '2026-04-18 17:22:20');
INSERT INTO `approval_permission` VALUES (15, 2, 'ORG_PRINCIPAL', 'CADRE', 'SECTION_LEVEL', 'ALL', NULL, NULL, 1, '2026-04-18 11:57:29', '2026-04-18 17:22:20');
INSERT INTO `approval_permission` VALUES (16, 2, 'ORG_PRINCIPAL', 'CADRE', 'GENERAL_CADRE', 'ALL', NULL, NULL, 1, '2026-04-18 11:57:29', '2026-04-18 17:22:20');
INSERT INTO `approval_permission` VALUES (17, 2, 'ORG_PRINCIPAL', 'EMPLOYEE', 'STAFF', 'PERSONAL', 30.01, NULL, 1, '2026-04-18 11:57:29', '2026-04-18 17:22:20');
INSERT INTO `approval_permission` VALUES (18, 2, 'ORG_PRINCIPAL', 'EMPLOYEE', 'STAFF', 'PERSONAL', 10.01, 30.00, 1, '2026-04-18 11:57:29', '2026-04-18 17:22:20');
INSERT INTO `approval_permission` VALUES (19, 2, 'ORG_PRINCIPAL', 'EMPLOYEE', 'STAFF', 'PERSONAL', 5.01, 10.00, 1, '2026-04-18 11:57:29', '2026-04-18 17:22:20');
INSERT INTO `approval_permission` VALUES (20, 2, 'ORG_PRINCIPAL', 'EMPLOYEE', 'STAFF', 'PERSONAL', NULL, 5.00, 1, '2026-04-18 11:57:29', '2026-04-18 17:22:20');
INSERT INTO `approval_permission` VALUES (21, 2, 'ORG_PRINCIPAL', 'EMPLOYEE', 'STAFF', 'SICK', 30.01, NULL, 1, '2026-04-18 11:57:29', '2026-04-18 17:22:20');
INSERT INTO `approval_permission` VALUES (22, 2, 'ORG_PRINCIPAL', 'EMPLOYEE', 'STAFF', 'SICK', 7.01, 30.00, 1, '2026-04-18 11:57:29', '2026-04-18 17:22:20');
INSERT INTO `approval_permission` VALUES (23, 2, 'ORG_PRINCIPAL', 'EMPLOYEE', 'STAFF', 'SICK', NULL, 7.00, 1, '2026-04-18 11:57:29', '2026-04-18 17:22:20');
INSERT INTO `approval_permission` VALUES (24, 2, 'ORG_PRINCIPAL', 'EMPLOYEE', 'STAFF', 'OTHER', NULL, NULL, 1, '2026-04-18 11:57:29', '2026-04-18 17:22:20');
INSERT INTO `approval_permission` VALUES (25, 3, 'PARTY_SECRETARY', 'CADRE', 'SECTION_LEVEL', 'ALL', NULL, NULL, 1, '2026-04-18 11:57:29', '2026-04-18 17:22:20');
INSERT INTO `approval_permission` VALUES (26, 3, 'PARTY_SECRETARY', 'EMPLOYEE', 'STAFF', 'PERSONAL', 30.01, NULL, 1, '2026-04-18 11:57:29', '2026-04-18 17:22:20');
INSERT INTO `approval_permission` VALUES (27, 3, 'STATIONMASTER', 'EMPLOYEE', 'STAFF', 'PERSONAL', 10.01, NULL, 1, '2026-04-18 11:57:29', '2026-04-21 18:03:50');
INSERT INTO `approval_permission` VALUES (28, 3, 'STATIONMASTER', 'EMPLOYEE', 'STAFF', 'SICK', 30.01, NULL, 1, '2026-04-18 11:57:29', '2026-04-18 17:22:20');
INSERT INTO `approval_permission` VALUES (29, 3, 'UNIT_LEADER', 'CADRE', 'SECTION_LEVEL', 'ALL', NULL, NULL, 1, '2026-04-18 11:57:29', '2026-04-18 17:22:20');
INSERT INTO `approval_permission` VALUES (30, 3, 'UNIT_LEADER', 'EMPLOYEE', 'STAFF', 'PERSONAL', 5.01, NULL, 1, '2026-04-18 11:57:29', '2026-04-18 17:22:20');
INSERT INTO `approval_permission` VALUES (31, 3, 'UNIT_LEADER', 'EMPLOYEE', 'STAFF', 'SICK', 7.01, NULL, 1, '2026-04-18 11:57:29', '2026-04-18 17:22:20');
INSERT INTO `approval_permission` VALUES (32, 3, 'DEPUTY_STATIONMASTER', 'EMPLOYEE', 'STAFF', 'PERSONAL', 5.01, 10.00, 1, '2026-04-18 11:57:29', '2026-04-18 17:22:20');
INSERT INTO `approval_permission` VALUES (33, 3, 'DEPUTY_STATIONMASTER', 'EMPLOYEE', 'STAFF', 'SICK', 7.01, 30.00, 1, '2026-04-18 11:57:29', '2026-04-18 17:22:20');
INSERT INTO `approval_permission` VALUES (34, 3, 'HR_SECTION_CHIEF', 'CADRE', 'SECTION_LEVEL', 'ALL', NULL, NULL, 1, '2026-04-18 11:57:29', '2026-04-18 17:22:20');
INSERT INTO `approval_permission` VALUES (35, 3, 'HR_SECTION_CHIEF', 'CADRE', 'GENERAL_CADRE', 'ALL', NULL, NULL, 1, '2026-04-18 11:57:29', '2026-04-18 17:22:20');
INSERT INTO `approval_permission` VALUES (36, 3, 'HR_SECTION_CHIEF', 'EMPLOYEE', 'STAFF', 'PERSONAL', 5.01, NULL, 1, '2026-04-18 11:57:29', '2026-04-18 17:22:20');
INSERT INTO `approval_permission` VALUES (37, 3, 'HR_SECTION_CHIEF', 'EMPLOYEE', 'STAFF', 'SICK', NULL, NULL, 1, '2026-04-18 11:57:29', '2026-04-21 17:01:22');
INSERT INTO `approval_permission` VALUES (38, 3, 'HR_SECTION_CHIEF', 'EMPLOYEE', 'STAFF', 'OTHER', NULL, NULL, 1, '2026-04-18 11:57:29', '2026-04-18 17:22:20');
INSERT INTO `approval_permission` VALUES (39, 3, 'ORG_PRINCIPAL', 'CADRE', 'SECTION_LEVEL', 'ALL', NULL, NULL, 1, '2026-04-18 11:57:29', '2026-04-18 17:22:20');
INSERT INTO `approval_permission` VALUES (40, 3, 'ORG_PRINCIPAL', 'CADRE', 'GENERAL_CADRE', 'ALL', NULL, NULL, 1, '2026-04-18 11:57:29', '2026-04-18 17:22:20');
INSERT INTO `approval_permission` VALUES (41, 3, 'ORG_PRINCIPAL', 'EMPLOYEE', 'STAFF', 'PERSONAL', 30.01, NULL, 1, '2026-04-18 11:57:29', '2026-04-18 17:22:20');
INSERT INTO `approval_permission` VALUES (42, 3, 'ORG_PRINCIPAL', 'EMPLOYEE', 'STAFF', 'PERSONAL', 10.01, 30.00, 1, '2026-04-18 11:57:29', '2026-04-18 17:22:20');
INSERT INTO `approval_permission` VALUES (43, 3, 'ORG_PRINCIPAL', 'EMPLOYEE', 'STAFF', 'PERSONAL', 5.01, 10.00, 1, '2026-04-18 11:57:29', '2026-04-18 17:22:20');
INSERT INTO `approval_permission` VALUES (44, 3, 'ORG_PRINCIPAL', 'EMPLOYEE', 'STAFF', 'PERSONAL', NULL, 5.00, 1, '2026-04-18 11:57:29', '2026-04-18 17:22:20');
INSERT INTO `approval_permission` VALUES (45, 3, 'ORG_PRINCIPAL', 'EMPLOYEE', 'STAFF', 'SICK', 30.01, NULL, 1, '2026-04-18 11:57:29', '2026-04-18 17:22:20');
INSERT INTO `approval_permission` VALUES (46, 3, 'ORG_PRINCIPAL', 'EMPLOYEE', 'STAFF', 'SICK', 7.01, 30.00, 1, '2026-04-18 11:57:29', '2026-04-18 17:22:20');
INSERT INTO `approval_permission` VALUES (47, 3, 'ORG_PRINCIPAL', 'EMPLOYEE', 'STAFF', 'SICK', NULL, 7.00, 1, '2026-04-18 11:57:29', '2026-04-18 17:22:20');
INSERT INTO `approval_permission` VALUES (48, 3, 'ORG_PRINCIPAL', 'EMPLOYEE', 'STAFF', 'OTHER', NULL, NULL, 1, '2026-04-18 11:57:29', '2026-04-18 17:22:20');
INSERT INTO `approval_permission` VALUES (49, 4, 'PARTY_SECRETARY', 'CADRE', 'SECTION_LEVEL', 'ALL', NULL, NULL, 1, '2026-04-18 11:57:29', '2026-04-18 17:22:20');
INSERT INTO `approval_permission` VALUES (50, 4, 'PARTY_SECRETARY', 'EMPLOYEE', 'STAFF', 'PERSONAL', 30.01, NULL, 1, '2026-04-18 11:57:29', '2026-04-18 17:22:20');
INSERT INTO `approval_permission` VALUES (51, 4, 'STATIONMASTER', 'EMPLOYEE', 'STAFF', 'PERSONAL', 10.01, NULL, 1, '2026-04-18 11:57:29', '2026-04-21 18:03:50');
INSERT INTO `approval_permission` VALUES (52, 4, 'STATIONMASTER', 'EMPLOYEE', 'STAFF', 'SICK', 30.01, NULL, 1, '2026-04-18 11:57:29', '2026-04-18 17:22:20');
INSERT INTO `approval_permission` VALUES (53, 4, 'UNIT_LEADER', 'CADRE', 'SECTION_LEVEL', 'ALL', NULL, NULL, 1, '2026-04-18 11:57:29', '2026-04-18 17:22:20');
INSERT INTO `approval_permission` VALUES (54, 4, 'UNIT_LEADER', 'EMPLOYEE', 'STAFF', 'PERSONAL', 5.01, NULL, 1, '2026-04-18 11:57:29', '2026-04-18 17:22:20');
INSERT INTO `approval_permission` VALUES (55, 4, 'UNIT_LEADER', 'EMPLOYEE', 'STAFF', 'SICK', 7.01, NULL, 1, '2026-04-18 11:57:29', '2026-04-18 17:22:20');
INSERT INTO `approval_permission` VALUES (56, 4, 'DEPUTY_STATIONMASTER', 'EMPLOYEE', 'STAFF', 'PERSONAL', 5.01, 10.00, 1, '2026-04-18 11:57:29', '2026-04-18 17:22:20');
INSERT INTO `approval_permission` VALUES (57, 4, 'DEPUTY_STATIONMASTER', 'EMPLOYEE', 'STAFF', 'SICK', 7.01, 30.00, 1, '2026-04-18 11:57:29', '2026-04-18 17:22:20');
INSERT INTO `approval_permission` VALUES (58, 4, 'HR_SECTION_CHIEF', 'CADRE', 'SECTION_LEVEL', 'ALL', NULL, NULL, 1, '2026-04-18 11:57:29', '2026-04-18 17:22:20');
INSERT INTO `approval_permission` VALUES (59, 4, 'HR_SECTION_CHIEF', 'CADRE', 'GENERAL_CADRE', 'ALL', NULL, NULL, 1, '2026-04-18 11:57:29', '2026-04-18 17:22:20');
INSERT INTO `approval_permission` VALUES (60, 4, 'HR_SECTION_CHIEF', 'EMPLOYEE', 'STAFF', 'PERSONAL', 5.01, NULL, 1, '2026-04-18 11:57:29', '2026-04-18 17:22:20');
INSERT INTO `approval_permission` VALUES (61, 4, 'HR_SECTION_CHIEF', 'EMPLOYEE', 'STAFF', 'SICK', NULL, NULL, 1, '2026-04-18 11:57:29', '2026-04-21 17:01:22');
INSERT INTO `approval_permission` VALUES (62, 4, 'HR_SECTION_CHIEF', 'EMPLOYEE', 'STAFF', 'OTHER', NULL, NULL, 1, '2026-04-18 11:57:29', '2026-04-18 17:22:20');
INSERT INTO `approval_permission` VALUES (63, 4, 'ORG_PRINCIPAL', 'CADRE', 'SECTION_LEVEL', 'ALL', NULL, NULL, 1, '2026-04-18 11:57:29', '2026-04-18 17:22:20');
INSERT INTO `approval_permission` VALUES (64, 4, 'ORG_PRINCIPAL', 'CADRE', 'GENERAL_CADRE', 'ALL', NULL, NULL, 1, '2026-04-18 11:57:29', '2026-04-18 17:22:20');
INSERT INTO `approval_permission` VALUES (65, 4, 'ORG_PRINCIPAL', 'EMPLOYEE', 'STAFF', 'PERSONAL', 30.01, NULL, 1, '2026-04-18 11:57:29', '2026-04-18 17:22:20');
INSERT INTO `approval_permission` VALUES (66, 4, 'ORG_PRINCIPAL', 'EMPLOYEE', 'STAFF', 'PERSONAL', 10.01, 30.00, 1, '2026-04-18 11:57:29', '2026-04-18 17:22:20');
INSERT INTO `approval_permission` VALUES (67, 4, 'ORG_PRINCIPAL', 'EMPLOYEE', 'STAFF', 'PERSONAL', 5.01, 10.00, 1, '2026-04-18 11:57:29', '2026-04-18 17:22:20');
INSERT INTO `approval_permission` VALUES (68, 4, 'ORG_PRINCIPAL', 'EMPLOYEE', 'STAFF', 'PERSONAL', NULL, 5.00, 1, '2026-04-18 11:57:29', '2026-04-18 17:22:20');
INSERT INTO `approval_permission` VALUES (69, 4, 'ORG_PRINCIPAL', 'EMPLOYEE', 'STAFF', 'SICK', 30.01, NULL, 1, '2026-04-18 11:57:29', '2026-04-18 17:22:20');
INSERT INTO `approval_permission` VALUES (70, 4, 'ORG_PRINCIPAL', 'EMPLOYEE', 'STAFF', 'SICK', 7.01, 30.00, 1, '2026-04-18 11:57:29', '2026-04-18 17:22:20');
INSERT INTO `approval_permission` VALUES (71, 4, 'ORG_PRINCIPAL', 'EMPLOYEE', 'STAFF', 'SICK', NULL, 7.00, 1, '2026-04-18 11:57:29', '2026-04-18 17:22:20');
INSERT INTO `approval_permission` VALUES (72, 4, 'ORG_PRINCIPAL', 'EMPLOYEE', 'STAFF', 'OTHER', NULL, NULL, 1, '2026-04-18 11:57:29', '2026-04-18 17:22:20');
INSERT INTO `approval_permission` VALUES (73, 5, 'PARTY_SECRETARY', 'CADRE', 'SECTION_LEVEL', 'ALL', NULL, NULL, 1, '2026-04-18 11:57:29', '2026-04-18 17:22:20');
INSERT INTO `approval_permission` VALUES (74, 5, 'PARTY_SECRETARY', 'EMPLOYEE', 'STAFF', 'PERSONAL', 30.01, NULL, 1, '2026-04-18 11:57:29', '2026-04-18 17:22:20');
INSERT INTO `approval_permission` VALUES (75, 5, 'STATIONMASTER', 'EMPLOYEE', 'STAFF', 'PERSONAL', 10.01, NULL, 1, '2026-04-18 11:57:29', '2026-04-21 18:03:50');
INSERT INTO `approval_permission` VALUES (76, 5, 'STATIONMASTER', 'EMPLOYEE', 'STAFF', 'SICK', 30.01, NULL, 1, '2026-04-18 11:57:29', '2026-04-18 17:22:20');
INSERT INTO `approval_permission` VALUES (77, 5, 'UNIT_LEADER', 'CADRE', 'SECTION_LEVEL', 'ALL', NULL, NULL, 1, '2026-04-18 11:57:29', '2026-04-18 17:22:20');
INSERT INTO `approval_permission` VALUES (78, 5, 'UNIT_LEADER', 'EMPLOYEE', 'STAFF', 'PERSONAL', 5.01, NULL, 1, '2026-04-18 11:57:29', '2026-04-18 17:22:20');
INSERT INTO `approval_permission` VALUES (79, 5, 'UNIT_LEADER', 'EMPLOYEE', 'STAFF', 'SICK', 7.01, NULL, 1, '2026-04-18 11:57:29', '2026-04-18 17:22:20');
INSERT INTO `approval_permission` VALUES (80, 5, 'DEPUTY_STATIONMASTER', 'EMPLOYEE', 'STAFF', 'PERSONAL', 5.01, 10.00, 1, '2026-04-18 11:57:29', '2026-04-18 17:22:20');
INSERT INTO `approval_permission` VALUES (81, 5, 'DEPUTY_STATIONMASTER', 'EMPLOYEE', 'STAFF', 'SICK', 7.01, 30.00, 1, '2026-04-18 11:57:29', '2026-04-18 17:22:20');
INSERT INTO `approval_permission` VALUES (82, 5, 'HR_SECTION_CHIEF', 'CADRE', 'SECTION_LEVEL', 'ALL', NULL, NULL, 1, '2026-04-18 11:57:29', '2026-04-18 17:22:20');
INSERT INTO `approval_permission` VALUES (83, 5, 'HR_SECTION_CHIEF', 'CADRE', 'GENERAL_CADRE', 'ALL', NULL, NULL, 1, '2026-04-18 11:57:29', '2026-04-18 17:22:20');
INSERT INTO `approval_permission` VALUES (84, 5, 'HR_SECTION_CHIEF', 'EMPLOYEE', 'STAFF', 'PERSONAL', 5.01, NULL, 1, '2026-04-18 11:57:29', '2026-04-18 17:22:20');
INSERT INTO `approval_permission` VALUES (85, 5, 'HR_SECTION_CHIEF', 'EMPLOYEE', 'STAFF', 'SICK', NULL, NULL, 1, '2026-04-18 11:57:29', '2026-04-21 17:01:22');
INSERT INTO `approval_permission` VALUES (86, 5, 'HR_SECTION_CHIEF', 'EMPLOYEE', 'STAFF', 'OTHER', NULL, NULL, 1, '2026-04-18 11:57:29', '2026-04-18 17:22:20');
INSERT INTO `approval_permission` VALUES (87, 5, 'ORG_PRINCIPAL', 'CADRE', 'SECTION_LEVEL', 'ALL', NULL, NULL, 1, '2026-04-18 11:57:29', '2026-04-18 17:22:20');
INSERT INTO `approval_permission` VALUES (88, 5, 'ORG_PRINCIPAL', 'CADRE', 'GENERAL_CADRE', 'ALL', NULL, NULL, 1, '2026-04-18 11:57:29', '2026-04-18 17:22:20');
INSERT INTO `approval_permission` VALUES (89, 5, 'ORG_PRINCIPAL', 'EMPLOYEE', 'STAFF', 'PERSONAL', 30.01, NULL, 1, '2026-04-18 11:57:29', '2026-04-18 17:22:20');
INSERT INTO `approval_permission` VALUES (90, 5, 'ORG_PRINCIPAL', 'EMPLOYEE', 'STAFF', 'PERSONAL', 10.01, 30.00, 1, '2026-04-18 11:57:29', '2026-04-18 17:22:20');
INSERT INTO `approval_permission` VALUES (91, 5, 'ORG_PRINCIPAL', 'EMPLOYEE', 'STAFF', 'PERSONAL', 5.01, 10.00, 1, '2026-04-18 11:57:29', '2026-04-18 17:22:20');
INSERT INTO `approval_permission` VALUES (92, 5, 'ORG_PRINCIPAL', 'EMPLOYEE', 'STAFF', 'PERSONAL', NULL, 5.00, 1, '2026-04-18 11:57:29', '2026-04-18 17:22:20');
INSERT INTO `approval_permission` VALUES (93, 5, 'ORG_PRINCIPAL', 'EMPLOYEE', 'STAFF', 'SICK', 30.01, NULL, 1, '2026-04-18 11:57:29', '2026-04-18 17:22:20');
INSERT INTO `approval_permission` VALUES (94, 5, 'ORG_PRINCIPAL', 'EMPLOYEE', 'STAFF', 'SICK', 7.01, 30.00, 1, '2026-04-18 11:57:29', '2026-04-18 17:22:20');
INSERT INTO `approval_permission` VALUES (95, 5, 'ORG_PRINCIPAL', 'EMPLOYEE', 'STAFF', 'SICK', NULL, 7.00, 1, '2026-04-18 11:57:29', '2026-04-18 17:22:20');
INSERT INTO `approval_permission` VALUES (96, 5, 'ORG_PRINCIPAL', 'EMPLOYEE', 'STAFF', 'OTHER', NULL, NULL, 1, '2026-04-18 11:57:29', '2026-04-18 17:22:20');
INSERT INTO `approval_permission` VALUES (97, 6, 'PARTY_SECRETARY', 'CADRE', 'SECTION_LEVEL', 'ALL', NULL, NULL, 1, '2026-04-18 11:57:29', '2026-04-18 17:22:20');
INSERT INTO `approval_permission` VALUES (98, 6, 'PARTY_SECRETARY', 'EMPLOYEE', 'STAFF', 'PERSONAL', 30.01, NULL, 1, '2026-04-18 11:57:29', '2026-04-18 17:22:20');
INSERT INTO `approval_permission` VALUES (99, 6, 'STATIONMASTER', 'EMPLOYEE', 'STAFF', 'PERSONAL', 10.01, NULL, 1, '2026-04-18 11:57:29', '2026-04-21 18:03:50');
INSERT INTO `approval_permission` VALUES (100, 6, 'STATIONMASTER', 'EMPLOYEE', 'STAFF', 'SICK', 30.01, NULL, 1, '2026-04-18 11:57:29', '2026-04-18 17:22:20');
INSERT INTO `approval_permission` VALUES (101, 6, 'UNIT_LEADER', 'CADRE', 'SECTION_LEVEL', 'ALL', NULL, NULL, 1, '2026-04-18 11:57:29', '2026-04-18 17:22:20');
INSERT INTO `approval_permission` VALUES (102, 6, 'UNIT_LEADER', 'EMPLOYEE', 'STAFF', 'PERSONAL', 5.01, NULL, 1, '2026-04-18 11:57:29', '2026-04-18 17:22:20');
INSERT INTO `approval_permission` VALUES (103, 6, 'UNIT_LEADER', 'EMPLOYEE', 'STAFF', 'SICK', 7.01, NULL, 1, '2026-04-18 11:57:29', '2026-04-18 17:22:20');
INSERT INTO `approval_permission` VALUES (104, 6, 'DEPUTY_STATIONMASTER', 'EMPLOYEE', 'STAFF', 'PERSONAL', 5.01, 10.00, 1, '2026-04-18 11:57:29', '2026-04-18 17:22:20');
INSERT INTO `approval_permission` VALUES (105, 6, 'DEPUTY_STATIONMASTER', 'EMPLOYEE', 'STAFF', 'SICK', 7.01, 30.00, 1, '2026-04-18 11:57:29', '2026-04-18 17:22:20');
INSERT INTO `approval_permission` VALUES (106, 6, 'HR_SECTION_CHIEF', 'CADRE', 'SECTION_LEVEL', 'ALL', NULL, NULL, 1, '2026-04-18 11:57:29', '2026-04-18 17:22:20');
INSERT INTO `approval_permission` VALUES (107, 6, 'HR_SECTION_CHIEF', 'CADRE', 'GENERAL_CADRE', 'ALL', NULL, NULL, 1, '2026-04-18 11:57:29', '2026-04-18 17:22:20');
INSERT INTO `approval_permission` VALUES (108, 6, 'HR_SECTION_CHIEF', 'EMPLOYEE', 'STAFF', 'PERSONAL', 5.01, NULL, 1, '2026-04-18 11:57:29', '2026-04-18 17:22:20');
INSERT INTO `approval_permission` VALUES (109, 6, 'HR_SECTION_CHIEF', 'EMPLOYEE', 'STAFF', 'SICK', NULL, NULL, 1, '2026-04-18 11:57:29', '2026-04-21 17:01:22');
INSERT INTO `approval_permission` VALUES (110, 6, 'HR_SECTION_CHIEF', 'EMPLOYEE', 'STAFF', 'OTHER', NULL, NULL, 1, '2026-04-18 11:57:29', '2026-04-18 17:22:20');
INSERT INTO `approval_permission` VALUES (111, 6, 'ORG_PRINCIPAL', 'CADRE', 'SECTION_LEVEL', 'ALL', NULL, NULL, 1, '2026-04-18 11:57:29', '2026-04-18 17:22:20');
INSERT INTO `approval_permission` VALUES (112, 6, 'ORG_PRINCIPAL', 'CADRE', 'GENERAL_CADRE', 'ALL', NULL, NULL, 1, '2026-04-18 11:57:29', '2026-04-18 17:22:20');
INSERT INTO `approval_permission` VALUES (113, 6, 'ORG_PRINCIPAL', 'EMPLOYEE', 'STAFF', 'PERSONAL', 30.01, NULL, 1, '2026-04-18 11:57:29', '2026-04-18 17:22:20');
INSERT INTO `approval_permission` VALUES (114, 6, 'ORG_PRINCIPAL', 'EMPLOYEE', 'STAFF', 'PERSONAL', 10.01, 30.00, 1, '2026-04-18 11:57:29', '2026-04-18 17:22:20');
INSERT INTO `approval_permission` VALUES (115, 6, 'ORG_PRINCIPAL', 'EMPLOYEE', 'STAFF', 'PERSONAL', 5.01, 10.00, 1, '2026-04-18 11:57:29', '2026-04-18 17:22:20');
INSERT INTO `approval_permission` VALUES (116, 6, 'ORG_PRINCIPAL', 'EMPLOYEE', 'STAFF', 'PERSONAL', NULL, 5.00, 1, '2026-04-18 11:57:29', '2026-04-18 17:22:20');
INSERT INTO `approval_permission` VALUES (117, 6, 'ORG_PRINCIPAL', 'EMPLOYEE', 'STAFF', 'SICK', 30.01, NULL, 1, '2026-04-18 11:57:29', '2026-04-18 17:22:20');
INSERT INTO `approval_permission` VALUES (118, 6, 'ORG_PRINCIPAL', 'EMPLOYEE', 'STAFF', 'SICK', 7.01, 30.00, 1, '2026-04-18 11:57:29', '2026-04-18 17:22:20');
INSERT INTO `approval_permission` VALUES (119, 6, 'ORG_PRINCIPAL', 'EMPLOYEE', 'STAFF', 'SICK', NULL, 7.00, 1, '2026-04-18 11:57:29', '2026-04-18 17:22:20');
INSERT INTO `approval_permission` VALUES (120, 6, 'ORG_PRINCIPAL', 'EMPLOYEE', 'STAFF', 'OTHER', NULL, NULL, 1, '2026-04-18 11:57:29', '2026-04-18 17:22:20');
INSERT INTO `approval_permission` VALUES (121, 7, 'PARTY_SECRETARY', 'CADRE', 'SECTION_LEVEL', 'ALL', NULL, NULL, 1, '2026-04-18 11:57:29', '2026-04-18 17:22:20');
INSERT INTO `approval_permission` VALUES (122, 7, 'PARTY_SECRETARY', 'EMPLOYEE', 'STAFF', 'PERSONAL', 30.01, NULL, 1, '2026-04-18 11:57:29', '2026-04-18 17:22:20');
INSERT INTO `approval_permission` VALUES (123, 7, 'STATIONMASTER', 'EMPLOYEE', 'STAFF', 'PERSONAL', 10.01, NULL, 1, '2026-04-18 11:57:29', '2026-04-21 18:03:50');
INSERT INTO `approval_permission` VALUES (124, 7, 'STATIONMASTER', 'EMPLOYEE', 'STAFF', 'SICK', 30.01, NULL, 1, '2026-04-18 11:57:29', '2026-04-18 17:22:20');
INSERT INTO `approval_permission` VALUES (125, 7, 'UNIT_LEADER', 'CADRE', 'SECTION_LEVEL', 'ALL', NULL, NULL, 1, '2026-04-18 11:57:29', '2026-04-18 17:22:20');
INSERT INTO `approval_permission` VALUES (126, 7, 'UNIT_LEADER', 'EMPLOYEE', 'STAFF', 'PERSONAL', 5.01, NULL, 1, '2026-04-18 11:57:29', '2026-04-18 17:22:20');
INSERT INTO `approval_permission` VALUES (127, 7, 'UNIT_LEADER', 'EMPLOYEE', 'STAFF', 'SICK', 7.01, NULL, 1, '2026-04-18 11:57:29', '2026-04-18 17:22:20');
INSERT INTO `approval_permission` VALUES (128, 7, 'DEPUTY_STATIONMASTER', 'EMPLOYEE', 'STAFF', 'PERSONAL', 5.01, 10.00, 1, '2026-04-18 11:57:29', '2026-04-18 17:22:20');
INSERT INTO `approval_permission` VALUES (129, 7, 'DEPUTY_STATIONMASTER', 'EMPLOYEE', 'STAFF', 'SICK', 7.01, 30.00, 1, '2026-04-18 11:57:29', '2026-04-18 17:22:20');
INSERT INTO `approval_permission` VALUES (130, 7, 'HR_SECTION_CHIEF', 'CADRE', 'SECTION_LEVEL', 'ALL', NULL, NULL, 1, '2026-04-18 11:57:29', '2026-04-18 17:22:20');
INSERT INTO `approval_permission` VALUES (131, 7, 'HR_SECTION_CHIEF', 'CADRE', 'GENERAL_CADRE', 'ALL', NULL, NULL, 1, '2026-04-18 11:57:29', '2026-04-18 17:22:20');
INSERT INTO `approval_permission` VALUES (132, 7, 'HR_SECTION_CHIEF', 'EMPLOYEE', 'STAFF', 'PERSONAL', 5.01, NULL, 1, '2026-04-18 11:57:29', '2026-04-18 17:22:20');
INSERT INTO `approval_permission` VALUES (133, 7, 'HR_SECTION_CHIEF', 'EMPLOYEE', 'STAFF', 'SICK', NULL, NULL, 1, '2026-04-18 11:57:29', '2026-04-21 17:01:22');
INSERT INTO `approval_permission` VALUES (134, 7, 'HR_SECTION_CHIEF', 'EMPLOYEE', 'STAFF', 'OTHER', NULL, NULL, 1, '2026-04-18 11:57:29', '2026-04-18 17:22:20');
INSERT INTO `approval_permission` VALUES (135, 7, 'ORG_PRINCIPAL', 'CADRE', 'SECTION_LEVEL', 'ALL', NULL, NULL, 1, '2026-04-18 11:57:29', '2026-04-18 17:22:20');
INSERT INTO `approval_permission` VALUES (136, 7, 'ORG_PRINCIPAL', 'CADRE', 'GENERAL_CADRE', 'ALL', NULL, NULL, 1, '2026-04-18 11:57:29', '2026-04-18 17:22:20');
INSERT INTO `approval_permission` VALUES (137, 7, 'ORG_PRINCIPAL', 'EMPLOYEE', 'STAFF', 'PERSONAL', 30.01, NULL, 1, '2026-04-18 11:57:29', '2026-04-18 17:22:20');
INSERT INTO `approval_permission` VALUES (138, 7, 'ORG_PRINCIPAL', 'EMPLOYEE', 'STAFF', 'PERSONAL', 10.01, 30.00, 1, '2026-04-18 11:57:29', '2026-04-18 17:22:20');
INSERT INTO `approval_permission` VALUES (139, 7, 'ORG_PRINCIPAL', 'EMPLOYEE', 'STAFF', 'PERSONAL', 5.01, 10.00, 1, '2026-04-18 11:57:29', '2026-04-18 17:22:20');
INSERT INTO `approval_permission` VALUES (140, 7, 'ORG_PRINCIPAL', 'EMPLOYEE', 'STAFF', 'PERSONAL', NULL, 5.00, 1, '2026-04-18 11:57:29', '2026-04-18 17:22:20');
INSERT INTO `approval_permission` VALUES (141, 7, 'ORG_PRINCIPAL', 'EMPLOYEE', 'STAFF', 'SICK', 30.01, NULL, 1, '2026-04-18 11:57:29', '2026-04-18 17:22:20');
INSERT INTO `approval_permission` VALUES (142, 7, 'ORG_PRINCIPAL', 'EMPLOYEE', 'STAFF', 'SICK', 7.01, 30.00, 1, '2026-04-18 11:57:29', '2026-04-18 17:22:20');
INSERT INTO `approval_permission` VALUES (143, 7, 'ORG_PRINCIPAL', 'EMPLOYEE', 'STAFF', 'SICK', NULL, 7.00, 1, '2026-04-18 11:57:29', '2026-04-18 17:22:20');
INSERT INTO `approval_permission` VALUES (144, 7, 'ORG_PRINCIPAL', 'EMPLOYEE', 'STAFF', 'OTHER', NULL, NULL, 1, '2026-04-18 11:57:29', '2026-04-18 17:22:20');
INSERT INTO `approval_permission` VALUES (145, 8, 'PARTY_SECRETARY', 'CADRE', 'SECTION_LEVEL', 'ALL', NULL, NULL, 1, '2026-04-18 11:57:29', '2026-04-18 17:22:20');
INSERT INTO `approval_permission` VALUES (146, 8, 'PARTY_SECRETARY', 'EMPLOYEE', 'STAFF', 'PERSONAL', 30.01, NULL, 1, '2026-04-18 11:57:29', '2026-04-18 17:22:20');
INSERT INTO `approval_permission` VALUES (147, 8, 'STATIONMASTER', 'EMPLOYEE', 'STAFF', 'PERSONAL', 10.01, NULL, 1, '2026-04-18 11:57:29', '2026-04-21 18:03:50');
INSERT INTO `approval_permission` VALUES (148, 8, 'STATIONMASTER', 'EMPLOYEE', 'STAFF', 'SICK', 30.01, NULL, 1, '2026-04-18 11:57:29', '2026-04-18 17:22:20');
INSERT INTO `approval_permission` VALUES (149, 8, 'UNIT_LEADER', 'CADRE', 'SECTION_LEVEL', 'ALL', NULL, NULL, 1, '2026-04-18 11:57:29', '2026-04-18 17:22:20');
INSERT INTO `approval_permission` VALUES (150, 8, 'UNIT_LEADER', 'EMPLOYEE', 'STAFF', 'PERSONAL', 5.01, NULL, 1, '2026-04-18 11:57:29', '2026-04-18 17:22:20');
INSERT INTO `approval_permission` VALUES (151, 8, 'UNIT_LEADER', 'EMPLOYEE', 'STAFF', 'SICK', 7.01, NULL, 1, '2026-04-18 11:57:29', '2026-04-18 17:22:20');
INSERT INTO `approval_permission` VALUES (152, 8, 'DEPUTY_STATIONMASTER', 'EMPLOYEE', 'STAFF', 'PERSONAL', 5.01, 10.00, 1, '2026-04-18 11:57:29', '2026-04-18 17:22:20');
INSERT INTO `approval_permission` VALUES (153, 8, 'DEPUTY_STATIONMASTER', 'EMPLOYEE', 'STAFF', 'SICK', 7.01, 30.00, 1, '2026-04-18 11:57:29', '2026-04-18 17:22:20');
INSERT INTO `approval_permission` VALUES (154, 8, 'HR_SECTION_CHIEF', 'CADRE', 'SECTION_LEVEL', 'ALL', NULL, NULL, 1, '2026-04-18 11:57:29', '2026-04-18 17:22:20');
INSERT INTO `approval_permission` VALUES (155, 8, 'HR_SECTION_CHIEF', 'CADRE', 'GENERAL_CADRE', 'ALL', NULL, NULL, 1, '2026-04-18 11:57:29', '2026-04-18 17:22:20');
INSERT INTO `approval_permission` VALUES (156, 8, 'HR_SECTION_CHIEF', 'EMPLOYEE', 'STAFF', 'PERSONAL', 5.01, NULL, 1, '2026-04-18 11:57:29', '2026-04-18 17:22:20');
INSERT INTO `approval_permission` VALUES (157, 8, 'HR_SECTION_CHIEF', 'EMPLOYEE', 'STAFF', 'SICK', NULL, NULL, 1, '2026-04-18 11:57:29', '2026-04-21 17:01:22');
INSERT INTO `approval_permission` VALUES (158, 8, 'HR_SECTION_CHIEF', 'EMPLOYEE', 'STAFF', 'OTHER', NULL, NULL, 1, '2026-04-18 11:57:29', '2026-04-18 17:22:20');
INSERT INTO `approval_permission` VALUES (159, 8, 'ORG_PRINCIPAL', 'CADRE', 'SECTION_LEVEL', 'ALL', NULL, NULL, 1, '2026-04-18 11:57:29', '2026-04-18 17:22:20');
INSERT INTO `approval_permission` VALUES (160, 8, 'ORG_PRINCIPAL', 'CADRE', 'GENERAL_CADRE', 'ALL', NULL, NULL, 1, '2026-04-18 11:57:29', '2026-04-18 17:22:20');
INSERT INTO `approval_permission` VALUES (161, 8, 'ORG_PRINCIPAL', 'EMPLOYEE', 'STAFF', 'PERSONAL', 30.01, NULL, 1, '2026-04-18 11:57:29', '2026-04-18 17:22:20');
INSERT INTO `approval_permission` VALUES (162, 8, 'ORG_PRINCIPAL', 'EMPLOYEE', 'STAFF', 'PERSONAL', 10.01, 30.00, 1, '2026-04-18 11:57:29', '2026-04-18 17:22:20');
INSERT INTO `approval_permission` VALUES (163, 8, 'ORG_PRINCIPAL', 'EMPLOYEE', 'STAFF', 'PERSONAL', 5.01, 10.00, 1, '2026-04-18 11:57:29', '2026-04-18 17:22:20');
INSERT INTO `approval_permission` VALUES (164, 8, 'ORG_PRINCIPAL', 'EMPLOYEE', 'STAFF', 'PERSONAL', NULL, 5.00, 1, '2026-04-18 11:57:29', '2026-04-18 17:22:20');
INSERT INTO `approval_permission` VALUES (165, 8, 'ORG_PRINCIPAL', 'EMPLOYEE', 'STAFF', 'SICK', 30.01, NULL, 1, '2026-04-18 11:57:29', '2026-04-18 17:22:20');
INSERT INTO `approval_permission` VALUES (166, 8, 'ORG_PRINCIPAL', 'EMPLOYEE', 'STAFF', 'SICK', 7.01, 30.00, 1, '2026-04-18 11:57:29', '2026-04-18 17:22:20');
INSERT INTO `approval_permission` VALUES (167, 8, 'ORG_PRINCIPAL', 'EMPLOYEE', 'STAFF', 'SICK', NULL, 7.00, 1, '2026-04-18 11:57:29', '2026-04-18 17:22:20');
INSERT INTO `approval_permission` VALUES (168, 8, 'ORG_PRINCIPAL', 'EMPLOYEE', 'STAFF', 'OTHER', NULL, NULL, 1, '2026-04-18 11:57:29', '2026-04-18 17:22:20');
INSERT INTO `approval_permission` VALUES (169, 9, 'PARTY_SECRETARY', 'CADRE', 'SECTION_LEVEL', 'ALL', NULL, NULL, 1, '2026-04-18 11:57:29', '2026-04-18 17:22:20');
INSERT INTO `approval_permission` VALUES (170, 9, 'PARTY_SECRETARY', 'EMPLOYEE', 'STAFF', 'PERSONAL', 30.01, NULL, 1, '2026-04-18 11:57:29', '2026-04-18 17:22:20');
INSERT INTO `approval_permission` VALUES (171, 9, 'STATIONMASTER', 'EMPLOYEE', 'STAFF', 'PERSONAL', 10.01, NULL, 1, '2026-04-18 11:57:29', '2026-04-21 18:03:50');
INSERT INTO `approval_permission` VALUES (172, 9, 'STATIONMASTER', 'EMPLOYEE', 'STAFF', 'SICK', 30.01, NULL, 1, '2026-04-18 11:57:29', '2026-04-18 17:22:20');
INSERT INTO `approval_permission` VALUES (173, 9, 'UNIT_LEADER', 'CADRE', 'SECTION_LEVEL', 'ALL', NULL, NULL, 1, '2026-04-18 11:57:29', '2026-04-18 17:22:20');
INSERT INTO `approval_permission` VALUES (174, 9, 'UNIT_LEADER', 'EMPLOYEE', 'STAFF', 'PERSONAL', 5.01, NULL, 1, '2026-04-18 11:57:29', '2026-04-18 17:22:20');
INSERT INTO `approval_permission` VALUES (175, 9, 'UNIT_LEADER', 'EMPLOYEE', 'STAFF', 'SICK', 7.01, NULL, 1, '2026-04-18 11:57:29', '2026-04-18 17:22:20');
INSERT INTO `approval_permission` VALUES (176, 9, 'DEPUTY_STATIONMASTER', 'EMPLOYEE', 'STAFF', 'PERSONAL', 5.01, 10.00, 1, '2026-04-18 11:57:29', '2026-04-18 17:22:20');
INSERT INTO `approval_permission` VALUES (177, 9, 'DEPUTY_STATIONMASTER', 'EMPLOYEE', 'STAFF', 'SICK', 7.01, 30.00, 1, '2026-04-18 11:57:29', '2026-04-18 17:22:20');
INSERT INTO `approval_permission` VALUES (178, 9, 'HR_SECTION_CHIEF', 'CADRE', 'SECTION_LEVEL', 'ALL', NULL, NULL, 1, '2026-04-18 11:57:29', '2026-04-18 17:22:20');
INSERT INTO `approval_permission` VALUES (179, 9, 'HR_SECTION_CHIEF', 'CADRE', 'GENERAL_CADRE', 'ALL', NULL, NULL, 1, '2026-04-18 11:57:29', '2026-04-18 17:22:20');
INSERT INTO `approval_permission` VALUES (180, 9, 'HR_SECTION_CHIEF', 'EMPLOYEE', 'STAFF', 'PERSONAL', 5.01, NULL, 1, '2026-04-18 11:57:29', '2026-04-18 17:22:20');
INSERT INTO `approval_permission` VALUES (181, 9, 'HR_SECTION_CHIEF', 'EMPLOYEE', 'STAFF', 'SICK', NULL, NULL, 1, '2026-04-18 11:57:29', '2026-04-21 17:01:22');
INSERT INTO `approval_permission` VALUES (182, 9, 'HR_SECTION_CHIEF', 'EMPLOYEE', 'STAFF', 'OTHER', NULL, NULL, 1, '2026-04-18 11:57:29', '2026-04-18 17:22:20');
INSERT INTO `approval_permission` VALUES (183, 9, 'ORG_PRINCIPAL', 'CADRE', 'SECTION_LEVEL', 'ALL', NULL, NULL, 1, '2026-04-18 11:57:29', '2026-04-18 17:22:20');
INSERT INTO `approval_permission` VALUES (184, 9, 'ORG_PRINCIPAL', 'CADRE', 'GENERAL_CADRE', 'ALL', NULL, NULL, 1, '2026-04-18 11:57:29', '2026-04-18 17:22:20');
INSERT INTO `approval_permission` VALUES (185, 9, 'ORG_PRINCIPAL', 'EMPLOYEE', 'STAFF', 'PERSONAL', 30.01, NULL, 1, '2026-04-18 11:57:29', '2026-04-18 17:22:20');
INSERT INTO `approval_permission` VALUES (186, 9, 'ORG_PRINCIPAL', 'EMPLOYEE', 'STAFF', 'PERSONAL', 10.01, 30.00, 1, '2026-04-18 11:57:29', '2026-04-18 17:22:20');
INSERT INTO `approval_permission` VALUES (187, 9, 'ORG_PRINCIPAL', 'EMPLOYEE', 'STAFF', 'PERSONAL', 5.01, 10.00, 1, '2026-04-18 11:57:29', '2026-04-18 17:22:20');
INSERT INTO `approval_permission` VALUES (188, 9, 'ORG_PRINCIPAL', 'EMPLOYEE', 'STAFF', 'PERSONAL', NULL, 5.00, 1, '2026-04-18 11:57:29', '2026-04-18 17:22:20');
INSERT INTO `approval_permission` VALUES (189, 9, 'ORG_PRINCIPAL', 'EMPLOYEE', 'STAFF', 'SICK', 30.01, NULL, 1, '2026-04-18 11:57:29', '2026-04-18 17:22:20');
INSERT INTO `approval_permission` VALUES (190, 9, 'ORG_PRINCIPAL', 'EMPLOYEE', 'STAFF', 'SICK', 7.01, 30.00, 1, '2026-04-18 11:57:29', '2026-04-18 17:22:20');
INSERT INTO `approval_permission` VALUES (191, 9, 'ORG_PRINCIPAL', 'EMPLOYEE', 'STAFF', 'SICK', NULL, 7.00, 1, '2026-04-18 11:57:29', '2026-04-18 17:22:20');
INSERT INTO `approval_permission` VALUES (192, 9, 'ORG_PRINCIPAL', 'EMPLOYEE', 'STAFF', 'OTHER', NULL, NULL, 1, '2026-04-18 11:57:29', '2026-04-18 17:22:20');
INSERT INTO `approval_permission` VALUES (193, 1, 'PARTY_SECRETARY', 'CADRE', 'SECTION_LEVEL', 'ALL', NULL, NULL, 1, '2026-04-18 11:57:29', '2026-04-18 17:22:20');
INSERT INTO `approval_permission` VALUES (194, 1, 'PARTY_SECRETARY', 'EMPLOYEE', 'STAFF', 'PERSONAL', 30.01, NULL, 1, '2026-04-18 11:57:29', '2026-04-18 17:22:20');
INSERT INTO `approval_permission` VALUES (195, 1, 'STATIONMASTER', 'EMPLOYEE', 'STAFF', 'PERSONAL', 10.01, NULL, 1, '2026-04-18 11:57:29', '2026-04-21 18:03:50');
INSERT INTO `approval_permission` VALUES (196, 1, 'STATIONMASTER', 'EMPLOYEE', 'STAFF', 'SICK', 30.01, NULL, 1, '2026-04-18 11:57:29', '2026-04-18 17:22:20');
INSERT INTO `approval_permission` VALUES (197, 1, 'UNIT_LEADER', 'CADRE', 'SECTION_LEVEL', 'ALL', NULL, NULL, 1, '2026-04-18 11:57:29', '2026-04-18 17:22:20');
INSERT INTO `approval_permission` VALUES (198, 1, 'UNIT_LEADER', 'EMPLOYEE', 'STAFF', 'PERSONAL', 5.01, NULL, 1, '2026-04-18 11:57:29', '2026-04-18 17:22:20');
INSERT INTO `approval_permission` VALUES (199, 1, 'UNIT_LEADER', 'EMPLOYEE', 'STAFF', 'SICK', 7.01, NULL, 1, '2026-04-18 11:57:29', '2026-04-18 17:22:20');
INSERT INTO `approval_permission` VALUES (200, 1, 'DEPUTY_STATIONMASTER', 'EMPLOYEE', 'STAFF', 'PERSONAL', 5.01, 10.00, 1, '2026-04-18 11:57:29', '2026-04-18 17:22:20');
INSERT INTO `approval_permission` VALUES (201, 1, 'DEPUTY_STATIONMASTER', 'EMPLOYEE', 'STAFF', 'SICK', 7.01, 30.00, 1, '2026-04-18 11:57:29', '2026-04-18 17:22:20');
INSERT INTO `approval_permission` VALUES (202, 1, 'HR_SECTION_CHIEF', 'CADRE', 'SECTION_LEVEL', 'ALL', NULL, NULL, 1, '2026-04-18 11:57:29', '2026-04-18 17:22:20');
INSERT INTO `approval_permission` VALUES (203, 1, 'HR_SECTION_CHIEF', 'CADRE', 'GENERAL_CADRE', 'ALL', NULL, NULL, 1, '2026-04-18 11:57:29', '2026-04-18 17:22:20');
INSERT INTO `approval_permission` VALUES (204, 1, 'HR_SECTION_CHIEF', 'EMPLOYEE', 'STAFF', 'PERSONAL', 5.01, NULL, 1, '2026-04-18 11:57:29', '2026-04-18 17:22:20');
INSERT INTO `approval_permission` VALUES (205, 1, 'HR_SECTION_CHIEF', 'EMPLOYEE', 'STAFF', 'SICK', NULL, NULL, 1, '2026-04-18 11:57:29', '2026-04-21 17:01:22');
INSERT INTO `approval_permission` VALUES (206, 1, 'HR_SECTION_CHIEF', 'EMPLOYEE', 'STAFF', 'OTHER', NULL, NULL, 1, '2026-04-18 11:57:29', '2026-04-18 17:22:20');
INSERT INTO `approval_permission` VALUES (207, 1, 'ORG_PRINCIPAL', 'CADRE', 'SECTION_LEVEL', 'ALL', NULL, NULL, 1, '2026-04-18 11:57:29', '2026-04-18 17:22:20');
INSERT INTO `approval_permission` VALUES (208, 1, 'ORG_PRINCIPAL', 'CADRE', 'GENERAL_CADRE', 'ALL', NULL, NULL, 1, '2026-04-18 11:57:29', '2026-04-18 17:22:20');
INSERT INTO `approval_permission` VALUES (209, 1, 'ORG_PRINCIPAL', 'EMPLOYEE', 'STAFF', 'PERSONAL', 30.01, NULL, 1, '2026-04-18 11:57:29', '2026-04-18 17:22:20');
INSERT INTO `approval_permission` VALUES (210, 1, 'ORG_PRINCIPAL', 'EMPLOYEE', 'STAFF', 'PERSONAL', 10.01, 30.00, 1, '2026-04-18 11:57:29', '2026-04-18 17:22:20');
INSERT INTO `approval_permission` VALUES (211, 1, 'ORG_PRINCIPAL', 'EMPLOYEE', 'STAFF', 'PERSONAL', 5.01, 10.00, 1, '2026-04-18 11:57:29', '2026-04-18 17:22:20');
INSERT INTO `approval_permission` VALUES (212, 1, 'ORG_PRINCIPAL', 'EMPLOYEE', 'STAFF', 'PERSONAL', NULL, 5.00, 1, '2026-04-18 11:57:29', '2026-04-18 17:22:20');
INSERT INTO `approval_permission` VALUES (213, 1, 'ORG_PRINCIPAL', 'EMPLOYEE', 'STAFF', 'SICK', 30.01, NULL, 1, '2026-04-18 11:57:29', '2026-04-18 17:22:20');
INSERT INTO `approval_permission` VALUES (214, 1, 'ORG_PRINCIPAL', 'EMPLOYEE', 'STAFF', 'SICK', 7.01, 30.00, 1, '2026-04-18 11:57:29', '2026-04-18 17:22:20');
INSERT INTO `approval_permission` VALUES (215, 1, 'ORG_PRINCIPAL', 'EMPLOYEE', 'STAFF', 'SICK', NULL, 7.00, 1, '2026-04-18 11:57:29', '2026-04-18 17:22:20');
INSERT INTO `approval_permission` VALUES (216, 1, 'ORG_PRINCIPAL', 'EMPLOYEE', 'STAFF', 'OTHER', NULL, NULL, 1, '2026-04-18 11:57:29', '2026-04-18 17:22:20');
INSERT INTO `approval_permission` VALUES (217, 10, 'PARTY_SECRETARY', 'CADRE', 'SECTION_LEVEL', 'ALL', NULL, NULL, 1, '2026-04-18 11:57:29', '2026-04-18 17:22:20');
INSERT INTO `approval_permission` VALUES (218, 10, 'PARTY_SECRETARY', 'EMPLOYEE', 'STAFF', 'PERSONAL', 30.01, NULL, 1, '2026-04-18 11:57:29', '2026-04-18 17:22:20');
INSERT INTO `approval_permission` VALUES (219, 10, 'STATIONMASTER', 'EMPLOYEE', 'STAFF', 'PERSONAL', 10.01, NULL, 1, '2026-04-18 11:57:29', '2026-04-21 18:03:50');
INSERT INTO `approval_permission` VALUES (220, 10, 'STATIONMASTER', 'EMPLOYEE', 'STAFF', 'SICK', 30.01, NULL, 1, '2026-04-18 11:57:29', '2026-04-18 17:22:20');
INSERT INTO `approval_permission` VALUES (221, 10, 'UNIT_LEADER', 'CADRE', 'SECTION_LEVEL', 'ALL', NULL, NULL, 1, '2026-04-18 11:57:29', '2026-04-18 17:22:20');
INSERT INTO `approval_permission` VALUES (222, 10, 'UNIT_LEADER', 'EMPLOYEE', 'STAFF', 'PERSONAL', 5.01, NULL, 1, '2026-04-18 11:57:29', '2026-04-18 17:22:20');
INSERT INTO `approval_permission` VALUES (223, 10, 'UNIT_LEADER', 'EMPLOYEE', 'STAFF', 'SICK', 7.01, NULL, 1, '2026-04-18 11:57:29', '2026-04-18 17:22:20');
INSERT INTO `approval_permission` VALUES (224, 10, 'DEPUTY_STATIONMASTER', 'EMPLOYEE', 'STAFF', 'PERSONAL', 5.01, 10.00, 1, '2026-04-18 11:57:29', '2026-04-18 17:22:20');
INSERT INTO `approval_permission` VALUES (225, 10, 'DEPUTY_STATIONMASTER', 'EMPLOYEE', 'STAFF', 'SICK', 7.01, 30.00, 1, '2026-04-18 11:57:29', '2026-04-18 17:22:20');
INSERT INTO `approval_permission` VALUES (226, 10, 'HR_SECTION_CHIEF', 'CADRE', 'SECTION_LEVEL', 'ALL', NULL, NULL, 1, '2026-04-18 11:57:29', '2026-04-18 17:22:20');
INSERT INTO `approval_permission` VALUES (227, 10, 'HR_SECTION_CHIEF', 'CADRE', 'GENERAL_CADRE', 'ALL', NULL, NULL, 1, '2026-04-18 11:57:29', '2026-04-18 17:22:20');
INSERT INTO `approval_permission` VALUES (228, 10, 'HR_SECTION_CHIEF', 'EMPLOYEE', 'STAFF', 'PERSONAL', 5.01, NULL, 1, '2026-04-18 11:57:29', '2026-04-18 17:22:20');
INSERT INTO `approval_permission` VALUES (229, 10, 'HR_SECTION_CHIEF', 'EMPLOYEE', 'STAFF', 'SICK', NULL, NULL, 1, '2026-04-18 11:57:29', '2026-04-21 17:01:22');
INSERT INTO `approval_permission` VALUES (230, 10, 'HR_SECTION_CHIEF', 'EMPLOYEE', 'STAFF', 'OTHER', NULL, NULL, 1, '2026-04-18 11:57:29', '2026-04-18 17:22:20');
INSERT INTO `approval_permission` VALUES (231, 10, 'ORG_PRINCIPAL', 'CADRE', 'SECTION_LEVEL', 'ALL', NULL, NULL, 1, '2026-04-18 11:57:29', '2026-04-18 17:22:20');
INSERT INTO `approval_permission` VALUES (232, 10, 'ORG_PRINCIPAL', 'CADRE', 'GENERAL_CADRE', 'ALL', NULL, NULL, 1, '2026-04-18 11:57:29', '2026-04-18 17:22:20');
INSERT INTO `approval_permission` VALUES (233, 10, 'ORG_PRINCIPAL', 'EMPLOYEE', 'STAFF', 'PERSONAL', 30.01, NULL, 1, '2026-04-18 11:57:29', '2026-04-18 17:22:20');
INSERT INTO `approval_permission` VALUES (234, 10, 'ORG_PRINCIPAL', 'EMPLOYEE', 'STAFF', 'PERSONAL', 10.01, 30.00, 1, '2026-04-18 11:57:29', '2026-04-18 17:22:20');
INSERT INTO `approval_permission` VALUES (235, 10, 'ORG_PRINCIPAL', 'EMPLOYEE', 'STAFF', 'PERSONAL', 5.01, 10.00, 1, '2026-04-18 11:57:29', '2026-04-18 17:22:20');
INSERT INTO `approval_permission` VALUES (236, 10, 'ORG_PRINCIPAL', 'EMPLOYEE', 'STAFF', 'PERSONAL', NULL, 5.00, 1, '2026-04-18 11:57:29', '2026-04-18 17:22:20');
INSERT INTO `approval_permission` VALUES (237, 10, 'ORG_PRINCIPAL', 'EMPLOYEE', 'STAFF', 'SICK', 30.01, NULL, 1, '2026-04-18 11:57:29', '2026-04-18 17:22:20');
INSERT INTO `approval_permission` VALUES (238, 10, 'ORG_PRINCIPAL', 'EMPLOYEE', 'STAFF', 'SICK', 7.01, 30.00, 1, '2026-04-18 11:57:29', '2026-04-18 17:22:20');
INSERT INTO `approval_permission` VALUES (239, 10, 'ORG_PRINCIPAL', 'EMPLOYEE', 'STAFF', 'SICK', NULL, 7.00, 1, '2026-04-18 11:57:29', '2026-04-18 17:22:20');
INSERT INTO `approval_permission` VALUES (240, 10, 'ORG_PRINCIPAL', 'EMPLOYEE', 'STAFF', 'OTHER', NULL, NULL, 1, '2026-04-18 11:57:29', '2026-04-18 17:22:20');
INSERT INTO `approval_permission` VALUES (241, 11, 'PARTY_SECRETARY', 'CADRE', 'SECTION_LEVEL', 'ALL', NULL, NULL, 1, '2026-04-18 11:57:29', '2026-04-18 17:22:20');
INSERT INTO `approval_permission` VALUES (242, 11, 'PARTY_SECRETARY', 'EMPLOYEE', 'STAFF', 'PERSONAL', 30.01, NULL, 1, '2026-04-18 11:57:29', '2026-04-18 17:22:20');
INSERT INTO `approval_permission` VALUES (243, 11, 'STATIONMASTER', 'EMPLOYEE', 'STAFF', 'PERSONAL', 10.01, NULL, 1, '2026-04-18 11:57:29', '2026-04-21 18:03:50');
INSERT INTO `approval_permission` VALUES (244, 11, 'STATIONMASTER', 'EMPLOYEE', 'STAFF', 'SICK', 30.01, NULL, 1, '2026-04-18 11:57:29', '2026-04-18 17:22:20');
INSERT INTO `approval_permission` VALUES (245, 11, 'UNIT_LEADER', 'CADRE', 'SECTION_LEVEL', 'ALL', NULL, NULL, 1, '2026-04-18 11:57:29', '2026-04-18 17:22:20');
INSERT INTO `approval_permission` VALUES (246, 11, 'UNIT_LEADER', 'EMPLOYEE', 'STAFF', 'PERSONAL', 5.01, NULL, 1, '2026-04-18 11:57:29', '2026-04-18 17:22:20');
INSERT INTO `approval_permission` VALUES (247, 11, 'UNIT_LEADER', 'EMPLOYEE', 'STAFF', 'SICK', 7.01, NULL, 1, '2026-04-18 11:57:29', '2026-04-18 17:22:20');
INSERT INTO `approval_permission` VALUES (248, 11, 'DEPUTY_STATIONMASTER', 'EMPLOYEE', 'STAFF', 'PERSONAL', 5.01, 10.00, 1, '2026-04-18 11:57:29', '2026-04-18 17:22:20');
INSERT INTO `approval_permission` VALUES (249, 11, 'DEPUTY_STATIONMASTER', 'EMPLOYEE', 'STAFF', 'SICK', 7.01, 30.00, 1, '2026-04-18 11:57:29', '2026-04-18 17:22:20');
INSERT INTO `approval_permission` VALUES (250, 11, 'HR_SECTION_CHIEF', 'CADRE', 'SECTION_LEVEL', 'ALL', NULL, NULL, 1, '2026-04-18 11:57:29', '2026-04-18 17:22:20');
INSERT INTO `approval_permission` VALUES (251, 11, 'HR_SECTION_CHIEF', 'CADRE', 'GENERAL_CADRE', 'ALL', NULL, NULL, 1, '2026-04-18 11:57:29', '2026-04-18 17:22:20');
INSERT INTO `approval_permission` VALUES (252, 11, 'HR_SECTION_CHIEF', 'EMPLOYEE', 'STAFF', 'PERSONAL', 5.01, NULL, 1, '2026-04-18 11:57:29', '2026-04-18 17:22:20');
INSERT INTO `approval_permission` VALUES (253, 11, 'HR_SECTION_CHIEF', 'EMPLOYEE', 'STAFF', 'SICK', NULL, NULL, 1, '2026-04-18 11:57:29', '2026-04-21 17:01:22');
INSERT INTO `approval_permission` VALUES (254, 11, 'HR_SECTION_CHIEF', 'EMPLOYEE', 'STAFF', 'OTHER', NULL, NULL, 1, '2026-04-18 11:57:29', '2026-04-18 17:22:20');
INSERT INTO `approval_permission` VALUES (255, 11, 'ORG_PRINCIPAL', 'CADRE', 'SECTION_LEVEL', 'ALL', NULL, NULL, 1, '2026-04-18 11:57:29', '2026-04-18 17:22:20');
INSERT INTO `approval_permission` VALUES (256, 11, 'ORG_PRINCIPAL', 'CADRE', 'GENERAL_CADRE', 'ALL', NULL, NULL, 1, '2026-04-18 11:57:29', '2026-04-18 17:22:20');
INSERT INTO `approval_permission` VALUES (257, 11, 'ORG_PRINCIPAL', 'EMPLOYEE', 'STAFF', 'PERSONAL', 30.01, NULL, 1, '2026-04-18 11:57:29', '2026-04-18 17:22:20');
INSERT INTO `approval_permission` VALUES (258, 11, 'ORG_PRINCIPAL', 'EMPLOYEE', 'STAFF', 'PERSONAL', 10.01, 30.00, 1, '2026-04-18 11:57:29', '2026-04-18 17:22:20');
INSERT INTO `approval_permission` VALUES (259, 11, 'ORG_PRINCIPAL', 'EMPLOYEE', 'STAFF', 'PERSONAL', 5.01, 10.00, 1, '2026-04-18 11:57:29', '2026-04-18 17:22:20');
INSERT INTO `approval_permission` VALUES (260, 11, 'ORG_PRINCIPAL', 'EMPLOYEE', 'STAFF', 'PERSONAL', NULL, 5.00, 1, '2026-04-18 11:57:29', '2026-04-18 17:22:20');
INSERT INTO `approval_permission` VALUES (261, 11, 'ORG_PRINCIPAL', 'EMPLOYEE', 'STAFF', 'SICK', 30.01, NULL, 1, '2026-04-18 11:57:29', '2026-04-18 17:22:20');
INSERT INTO `approval_permission` VALUES (262, 11, 'ORG_PRINCIPAL', 'EMPLOYEE', 'STAFF', 'SICK', 7.01, 30.00, 1, '2026-04-18 11:57:29', '2026-04-18 17:22:20');
INSERT INTO `approval_permission` VALUES (263, 11, 'ORG_PRINCIPAL', 'EMPLOYEE', 'STAFF', 'SICK', NULL, 7.00, 1, '2026-04-18 11:57:29', '2026-04-18 17:22:20');
INSERT INTO `approval_permission` VALUES (264, 11, 'ORG_PRINCIPAL', 'EMPLOYEE', 'STAFF', 'OTHER', NULL, NULL, 1, '2026-04-18 11:57:29', '2026-04-18 17:22:20');
INSERT INTO `approval_permission` VALUES (265, 12, 'PARTY_SECRETARY', 'CADRE', 'SECTION_LEVEL', 'ALL', NULL, NULL, 1, '2026-04-18 11:57:29', '2026-04-18 17:22:20');
INSERT INTO `approval_permission` VALUES (266, 12, 'PARTY_SECRETARY', 'EMPLOYEE', 'STAFF', 'PERSONAL', 30.01, NULL, 1, '2026-04-18 11:57:29', '2026-04-18 17:22:20');
INSERT INTO `approval_permission` VALUES (267, 12, 'STATIONMASTER', 'EMPLOYEE', 'STAFF', 'PERSONAL', 10.01, NULL, 1, '2026-04-18 11:57:29', '2026-04-21 18:03:50');
INSERT INTO `approval_permission` VALUES (268, 12, 'STATIONMASTER', 'EMPLOYEE', 'STAFF', 'SICK', 30.01, NULL, 1, '2026-04-18 11:57:29', '2026-04-18 17:22:20');
INSERT INTO `approval_permission` VALUES (269, 12, 'UNIT_LEADER', 'CADRE', 'SECTION_LEVEL', 'ALL', NULL, NULL, 1, '2026-04-18 11:57:29', '2026-04-18 17:22:20');
INSERT INTO `approval_permission` VALUES (270, 12, 'UNIT_LEADER', 'EMPLOYEE', 'STAFF', 'PERSONAL', 5.01, NULL, 1, '2026-04-18 11:57:29', '2026-04-18 17:22:20');
INSERT INTO `approval_permission` VALUES (271, 12, 'UNIT_LEADER', 'EMPLOYEE', 'STAFF', 'SICK', 7.01, NULL, 1, '2026-04-18 11:57:29', '2026-04-18 17:22:20');
INSERT INTO `approval_permission` VALUES (272, 12, 'DEPUTY_STATIONMASTER', 'EMPLOYEE', 'STAFF', 'PERSONAL', 5.01, 10.00, 1, '2026-04-18 11:57:29', '2026-04-18 17:22:20');
INSERT INTO `approval_permission` VALUES (273, 12, 'DEPUTY_STATIONMASTER', 'EMPLOYEE', 'STAFF', 'SICK', 7.01, 30.00, 1, '2026-04-18 11:57:29', '2026-04-18 17:22:20');
INSERT INTO `approval_permission` VALUES (274, 12, 'HR_SECTION_CHIEF', 'CADRE', 'SECTION_LEVEL', 'ALL', NULL, NULL, 1, '2026-04-18 11:57:29', '2026-04-18 17:22:20');
INSERT INTO `approval_permission` VALUES (275, 12, 'HR_SECTION_CHIEF', 'CADRE', 'GENERAL_CADRE', 'ALL', NULL, NULL, 1, '2026-04-18 11:57:29', '2026-04-18 17:22:21');
INSERT INTO `approval_permission` VALUES (276, 12, 'HR_SECTION_CHIEF', 'EMPLOYEE', 'STAFF', 'PERSONAL', 5.01, NULL, 1, '2026-04-18 11:57:29', '2026-04-18 17:22:21');
INSERT INTO `approval_permission` VALUES (277, 12, 'HR_SECTION_CHIEF', 'EMPLOYEE', 'STAFF', 'SICK', NULL, NULL, 1, '2026-04-18 11:57:29', '2026-04-21 17:01:22');
INSERT INTO `approval_permission` VALUES (278, 12, 'HR_SECTION_CHIEF', 'EMPLOYEE', 'STAFF', 'OTHER', NULL, NULL, 1, '2026-04-18 11:57:29', '2026-04-18 17:22:21');
INSERT INTO `approval_permission` VALUES (279, 12, 'ORG_PRINCIPAL', 'CADRE', 'SECTION_LEVEL', 'ALL', NULL, NULL, 1, '2026-04-18 11:57:29', '2026-04-18 17:22:21');
INSERT INTO `approval_permission` VALUES (280, 12, 'ORG_PRINCIPAL', 'CADRE', 'GENERAL_CADRE', 'ALL', NULL, NULL, 1, '2026-04-18 11:57:29', '2026-04-18 17:22:21');
INSERT INTO `approval_permission` VALUES (281, 12, 'ORG_PRINCIPAL', 'EMPLOYEE', 'STAFF', 'PERSONAL', 30.01, NULL, 1, '2026-04-18 11:57:29', '2026-04-18 17:22:21');
INSERT INTO `approval_permission` VALUES (282, 12, 'ORG_PRINCIPAL', 'EMPLOYEE', 'STAFF', 'PERSONAL', 10.01, 30.00, 1, '2026-04-18 11:57:29', '2026-04-18 17:22:21');
INSERT INTO `approval_permission` VALUES (283, 12, 'ORG_PRINCIPAL', 'EMPLOYEE', 'STAFF', 'PERSONAL', 5.01, 10.00, 1, '2026-04-18 11:57:29', '2026-04-18 17:22:21');
INSERT INTO `approval_permission` VALUES (284, 12, 'ORG_PRINCIPAL', 'EMPLOYEE', 'STAFF', 'PERSONAL', NULL, 5.00, 1, '2026-04-18 11:57:29', '2026-04-18 17:22:21');
INSERT INTO `approval_permission` VALUES (285, 12, 'ORG_PRINCIPAL', 'EMPLOYEE', 'STAFF', 'SICK', 30.01, NULL, 1, '2026-04-18 11:57:29', '2026-04-18 17:22:21');
INSERT INTO `approval_permission` VALUES (286, 12, 'ORG_PRINCIPAL', 'EMPLOYEE', 'STAFF', 'SICK', 7.01, 30.00, 1, '2026-04-18 11:57:29', '2026-04-18 17:22:21');
INSERT INTO `approval_permission` VALUES (287, 12, 'ORG_PRINCIPAL', 'EMPLOYEE', 'STAFF', 'SICK', NULL, 7.00, 1, '2026-04-18 11:57:29', '2026-04-18 17:22:21');
INSERT INTO `approval_permission` VALUES (288, 12, 'ORG_PRINCIPAL', 'EMPLOYEE', 'STAFF', 'OTHER', NULL, NULL, 1, '2026-04-18 11:57:29', '2026-04-18 17:22:21');
INSERT INTO `approval_permission` VALUES (289, 13, 'PARTY_SECRETARY', 'CADRE', 'SECTION_LEVEL', 'ALL', NULL, NULL, 1, '2026-04-18 11:57:29', '2026-04-18 17:22:21');
INSERT INTO `approval_permission` VALUES (290, 13, 'PARTY_SECRETARY', 'EMPLOYEE', 'STAFF', 'PERSONAL', 30.01, NULL, 1, '2026-04-18 11:57:29', '2026-04-18 17:22:21');
INSERT INTO `approval_permission` VALUES (291, 13, 'STATIONMASTER', 'EMPLOYEE', 'STAFF', 'PERSONAL', 10.01, NULL, 1, '2026-04-18 11:57:29', '2026-04-21 18:03:50');
INSERT INTO `approval_permission` VALUES (292, 13, 'STATIONMASTER', 'EMPLOYEE', 'STAFF', 'SICK', 30.01, NULL, 1, '2026-04-18 11:57:29', '2026-04-18 17:22:21');
INSERT INTO `approval_permission` VALUES (293, 13, 'UNIT_LEADER', 'CADRE', 'SECTION_LEVEL', 'ALL', NULL, NULL, 1, '2026-04-18 11:57:29', '2026-04-18 17:22:21');
INSERT INTO `approval_permission` VALUES (294, 13, 'UNIT_LEADER', 'EMPLOYEE', 'STAFF', 'PERSONAL', 5.01, NULL, 1, '2026-04-18 11:57:29', '2026-04-18 17:22:21');
INSERT INTO `approval_permission` VALUES (295, 13, 'UNIT_LEADER', 'EMPLOYEE', 'STAFF', 'SICK', 7.01, NULL, 1, '2026-04-18 11:57:29', '2026-04-18 17:22:21');
INSERT INTO `approval_permission` VALUES (296, 13, 'DEPUTY_STATIONMASTER', 'EMPLOYEE', 'STAFF', 'PERSONAL', 5.01, 10.00, 1, '2026-04-18 11:57:29', '2026-04-18 17:22:21');
INSERT INTO `approval_permission` VALUES (297, 13, 'DEPUTY_STATIONMASTER', 'EMPLOYEE', 'STAFF', 'SICK', 7.01, 30.00, 1, '2026-04-18 11:57:29', '2026-04-18 17:22:21');
INSERT INTO `approval_permission` VALUES (298, 13, 'HR_SECTION_CHIEF', 'CADRE', 'SECTION_LEVEL', 'ALL', NULL, NULL, 1, '2026-04-18 11:57:29', '2026-04-18 17:22:21');
INSERT INTO `approval_permission` VALUES (299, 13, 'HR_SECTION_CHIEF', 'CADRE', 'GENERAL_CADRE', 'ALL', NULL, NULL, 1, '2026-04-18 11:57:29', '2026-04-18 17:22:21');
INSERT INTO `approval_permission` VALUES (300, 13, 'HR_SECTION_CHIEF', 'EMPLOYEE', 'STAFF', 'PERSONAL', 5.01, NULL, 1, '2026-04-18 11:57:29', '2026-04-18 17:22:21');
INSERT INTO `approval_permission` VALUES (301, 13, 'HR_SECTION_CHIEF', 'EMPLOYEE', 'STAFF', 'SICK', NULL, NULL, 1, '2026-04-18 11:57:29', '2026-04-21 17:01:22');
INSERT INTO `approval_permission` VALUES (302, 13, 'HR_SECTION_CHIEF', 'EMPLOYEE', 'STAFF', 'OTHER', NULL, NULL, 1, '2026-04-18 11:57:29', '2026-04-18 17:22:21');
INSERT INTO `approval_permission` VALUES (303, 13, 'ORG_PRINCIPAL', 'CADRE', 'SECTION_LEVEL', 'ALL', NULL, NULL, 1, '2026-04-18 11:57:29', '2026-04-18 17:22:21');
INSERT INTO `approval_permission` VALUES (304, 13, 'ORG_PRINCIPAL', 'CADRE', 'GENERAL_CADRE', 'ALL', NULL, NULL, 1, '2026-04-18 11:57:29', '2026-04-18 17:22:21');
INSERT INTO `approval_permission` VALUES (305, 13, 'ORG_PRINCIPAL', 'EMPLOYEE', 'STAFF', 'PERSONAL', 30.01, NULL, 1, '2026-04-18 11:57:29', '2026-04-18 17:22:21');
INSERT INTO `approval_permission` VALUES (306, 13, 'ORG_PRINCIPAL', 'EMPLOYEE', 'STAFF', 'PERSONAL', 10.01, 30.00, 1, '2026-04-18 11:57:29', '2026-04-18 17:22:21');
INSERT INTO `approval_permission` VALUES (307, 13, 'ORG_PRINCIPAL', 'EMPLOYEE', 'STAFF', 'PERSONAL', 5.01, 10.00, 1, '2026-04-18 11:57:29', '2026-04-18 17:22:21');
INSERT INTO `approval_permission` VALUES (308, 13, 'ORG_PRINCIPAL', 'EMPLOYEE', 'STAFF', 'PERSONAL', NULL, 5.00, 1, '2026-04-18 11:57:29', '2026-04-18 17:22:21');
INSERT INTO `approval_permission` VALUES (309, 13, 'ORG_PRINCIPAL', 'EMPLOYEE', 'STAFF', 'SICK', 30.01, NULL, 1, '2026-04-18 11:57:29', '2026-04-18 17:22:21');
INSERT INTO `approval_permission` VALUES (310, 13, 'ORG_PRINCIPAL', 'EMPLOYEE', 'STAFF', 'SICK', 7.01, 30.00, 1, '2026-04-18 11:57:29', '2026-04-18 17:22:21');
INSERT INTO `approval_permission` VALUES (311, 13, 'ORG_PRINCIPAL', 'EMPLOYEE', 'STAFF', 'SICK', NULL, 7.00, 1, '2026-04-18 11:57:29', '2026-04-18 17:22:21');
INSERT INTO `approval_permission` VALUES (312, 13, 'ORG_PRINCIPAL', 'EMPLOYEE', 'STAFF', 'OTHER', NULL, NULL, 1, '2026-04-18 11:57:29', '2026-04-18 17:22:21');
INSERT INTO `approval_permission` VALUES (313, 14, 'PARTY_SECRETARY', 'CADRE', 'SECTION_LEVEL', 'ALL', NULL, NULL, 1, '2026-04-18 11:57:29', '2026-04-18 17:22:21');
INSERT INTO `approval_permission` VALUES (314, 14, 'PARTY_SECRETARY', 'EMPLOYEE', 'STAFF', 'PERSONAL', 30.01, NULL, 1, '2026-04-18 11:57:29', '2026-04-18 17:22:21');
INSERT INTO `approval_permission` VALUES (315, 14, 'STATIONMASTER', 'EMPLOYEE', 'STAFF', 'PERSONAL', 10.01, NULL, 1, '2026-04-18 11:57:29', '2026-04-21 18:03:50');
INSERT INTO `approval_permission` VALUES (316, 14, 'STATIONMASTER', 'EMPLOYEE', 'STAFF', 'SICK', 30.01, NULL, 1, '2026-04-18 11:57:29', '2026-04-18 17:22:21');
INSERT INTO `approval_permission` VALUES (317, 14, 'UNIT_LEADER', 'CADRE', 'SECTION_LEVEL', 'ALL', NULL, NULL, 1, '2026-04-18 11:57:29', '2026-04-18 17:22:21');
INSERT INTO `approval_permission` VALUES (318, 14, 'UNIT_LEADER', 'EMPLOYEE', 'STAFF', 'PERSONAL', 5.01, NULL, 1, '2026-04-18 11:57:29', '2026-04-18 17:22:21');
INSERT INTO `approval_permission` VALUES (319, 14, 'UNIT_LEADER', 'EMPLOYEE', 'STAFF', 'SICK', 7.01, NULL, 1, '2026-04-18 11:57:29', '2026-04-18 17:22:21');
INSERT INTO `approval_permission` VALUES (320, 14, 'DEPUTY_STATIONMASTER', 'EMPLOYEE', 'STAFF', 'PERSONAL', 5.01, 10.00, 1, '2026-04-18 11:57:29', '2026-04-18 17:22:21');
INSERT INTO `approval_permission` VALUES (321, 14, 'DEPUTY_STATIONMASTER', 'EMPLOYEE', 'STAFF', 'SICK', 7.01, 30.00, 1, '2026-04-18 11:57:29', '2026-04-18 17:22:21');
INSERT INTO `approval_permission` VALUES (322, 14, 'HR_SECTION_CHIEF', 'CADRE', 'SECTION_LEVEL', 'ALL', NULL, NULL, 1, '2026-04-18 11:57:29', '2026-04-18 17:22:21');
INSERT INTO `approval_permission` VALUES (323, 14, 'HR_SECTION_CHIEF', 'CADRE', 'GENERAL_CADRE', 'ALL', NULL, NULL, 1, '2026-04-18 11:57:29', '2026-04-18 17:22:21');
INSERT INTO `approval_permission` VALUES (324, 14, 'HR_SECTION_CHIEF', 'EMPLOYEE', 'STAFF', 'PERSONAL', 5.01, NULL, 1, '2026-04-18 11:57:29', '2026-04-18 17:22:21');
INSERT INTO `approval_permission` VALUES (325, 14, 'HR_SECTION_CHIEF', 'EMPLOYEE', 'STAFF', 'SICK', NULL, NULL, 1, '2026-04-18 11:57:29', '2026-04-21 17:01:22');
INSERT INTO `approval_permission` VALUES (326, 14, 'HR_SECTION_CHIEF', 'EMPLOYEE', 'STAFF', 'OTHER', NULL, NULL, 1, '2026-04-18 11:57:29', '2026-04-18 17:22:21');
INSERT INTO `approval_permission` VALUES (327, 14, 'ORG_PRINCIPAL', 'CADRE', 'SECTION_LEVEL', 'ALL', NULL, NULL, 1, '2026-04-18 11:57:29', '2026-04-18 17:22:21');
INSERT INTO `approval_permission` VALUES (328, 14, 'ORG_PRINCIPAL', 'CADRE', 'GENERAL_CADRE', 'ALL', NULL, NULL, 1, '2026-04-18 11:57:29', '2026-04-18 17:22:21');
INSERT INTO `approval_permission` VALUES (329, 14, 'ORG_PRINCIPAL', 'EMPLOYEE', 'STAFF', 'PERSONAL', 30.01, NULL, 1, '2026-04-18 11:57:29', '2026-04-18 17:22:21');
INSERT INTO `approval_permission` VALUES (330, 14, 'ORG_PRINCIPAL', 'EMPLOYEE', 'STAFF', 'PERSONAL', 10.01, 30.00, 1, '2026-04-18 11:57:29', '2026-04-18 17:22:21');
INSERT INTO `approval_permission` VALUES (331, 14, 'ORG_PRINCIPAL', 'EMPLOYEE', 'STAFF', 'PERSONAL', 5.01, 10.00, 1, '2026-04-18 11:57:29', '2026-04-18 17:22:21');
INSERT INTO `approval_permission` VALUES (332, 14, 'ORG_PRINCIPAL', 'EMPLOYEE', 'STAFF', 'PERSONAL', NULL, 5.00, 1, '2026-04-18 11:57:29', '2026-04-18 17:22:21');
INSERT INTO `approval_permission` VALUES (333, 14, 'ORG_PRINCIPAL', 'EMPLOYEE', 'STAFF', 'SICK', 30.01, NULL, 1, '2026-04-18 11:57:29', '2026-04-18 17:22:21');
INSERT INTO `approval_permission` VALUES (334, 14, 'ORG_PRINCIPAL', 'EMPLOYEE', 'STAFF', 'SICK', 7.01, 30.00, 1, '2026-04-18 11:57:29', '2026-04-18 17:22:21');
INSERT INTO `approval_permission` VALUES (335, 14, 'ORG_PRINCIPAL', 'EMPLOYEE', 'STAFF', 'SICK', NULL, 7.00, 1, '2026-04-18 11:57:29', '2026-04-18 17:22:21');
INSERT INTO `approval_permission` VALUES (336, 14, 'ORG_PRINCIPAL', 'EMPLOYEE', 'STAFF', 'OTHER', NULL, NULL, 1, '2026-04-18 11:57:29', '2026-04-18 17:22:21');
INSERT INTO `approval_permission` VALUES (337, 15, 'PARTY_SECRETARY', 'CADRE', 'SECTION_LEVEL', 'ALL', NULL, NULL, 1, '2026-04-18 11:57:29', '2026-04-18 17:22:21');
INSERT INTO `approval_permission` VALUES (338, 15, 'PARTY_SECRETARY', 'EMPLOYEE', 'STAFF', 'PERSONAL', 30.01, NULL, 1, '2026-04-18 11:57:29', '2026-04-18 17:22:21');
INSERT INTO `approval_permission` VALUES (339, 15, 'STATIONMASTER', 'EMPLOYEE', 'STAFF', 'PERSONAL', 10.01, NULL, 1, '2026-04-18 11:57:29', '2026-04-21 18:03:50');
INSERT INTO `approval_permission` VALUES (340, 15, 'STATIONMASTER', 'EMPLOYEE', 'STAFF', 'SICK', 30.01, NULL, 1, '2026-04-18 11:57:29', '2026-04-18 17:22:21');
INSERT INTO `approval_permission` VALUES (341, 15, 'UNIT_LEADER', 'CADRE', 'SECTION_LEVEL', 'ALL', NULL, NULL, 1, '2026-04-18 11:57:29', '2026-04-18 17:22:21');
INSERT INTO `approval_permission` VALUES (342, 15, 'UNIT_LEADER', 'EMPLOYEE', 'STAFF', 'PERSONAL', 5.01, NULL, 1, '2026-04-18 11:57:29', '2026-04-18 17:22:21');
INSERT INTO `approval_permission` VALUES (343, 15, 'UNIT_LEADER', 'EMPLOYEE', 'STAFF', 'SICK', 7.01, NULL, 1, '2026-04-18 11:57:29', '2026-04-18 17:22:21');
INSERT INTO `approval_permission` VALUES (344, 15, 'DEPUTY_STATIONMASTER', 'EMPLOYEE', 'STAFF', 'PERSONAL', 5.01, 10.00, 1, '2026-04-18 11:57:29', '2026-04-18 17:22:21');
INSERT INTO `approval_permission` VALUES (345, 15, 'DEPUTY_STATIONMASTER', 'EMPLOYEE', 'STAFF', 'SICK', 7.01, 30.00, 1, '2026-04-18 11:57:29', '2026-04-18 17:22:21');
INSERT INTO `approval_permission` VALUES (346, 15, 'HR_SECTION_CHIEF', 'CADRE', 'SECTION_LEVEL', 'ALL', NULL, NULL, 1, '2026-04-18 11:57:29', '2026-04-18 17:22:21');
INSERT INTO `approval_permission` VALUES (347, 15, 'HR_SECTION_CHIEF', 'CADRE', 'GENERAL_CADRE', 'ALL', NULL, NULL, 1, '2026-04-18 11:57:29', '2026-04-18 17:22:21');
INSERT INTO `approval_permission` VALUES (348, 15, 'HR_SECTION_CHIEF', 'EMPLOYEE', 'STAFF', 'PERSONAL', 5.01, NULL, 1, '2026-04-18 11:57:29', '2026-04-18 17:22:21');
INSERT INTO `approval_permission` VALUES (349, 15, 'HR_SECTION_CHIEF', 'EMPLOYEE', 'STAFF', 'SICK', NULL, NULL, 1, '2026-04-18 11:57:29', '2026-04-21 17:01:22');
INSERT INTO `approval_permission` VALUES (350, 15, 'HR_SECTION_CHIEF', 'EMPLOYEE', 'STAFF', 'OTHER', NULL, NULL, 1, '2026-04-18 11:57:29', '2026-04-18 17:22:21');
INSERT INTO `approval_permission` VALUES (351, 15, 'ORG_PRINCIPAL', 'CADRE', 'SECTION_LEVEL', 'ALL', NULL, NULL, 1, '2026-04-18 11:57:29', '2026-04-18 17:22:21');
INSERT INTO `approval_permission` VALUES (352, 15, 'ORG_PRINCIPAL', 'CADRE', 'GENERAL_CADRE', 'ALL', NULL, NULL, 1, '2026-04-18 11:57:29', '2026-04-18 17:22:21');
INSERT INTO `approval_permission` VALUES (353, 15, 'ORG_PRINCIPAL', 'EMPLOYEE', 'STAFF', 'PERSONAL', 30.01, NULL, 1, '2026-04-18 11:57:29', '2026-04-18 17:22:21');
INSERT INTO `approval_permission` VALUES (354, 15, 'ORG_PRINCIPAL', 'EMPLOYEE', 'STAFF', 'PERSONAL', 10.01, 30.00, 1, '2026-04-18 11:57:29', '2026-04-18 17:22:21');
INSERT INTO `approval_permission` VALUES (355, 15, 'ORG_PRINCIPAL', 'EMPLOYEE', 'STAFF', 'PERSONAL', 5.01, 10.00, 1, '2026-04-18 11:57:29', '2026-04-18 17:22:21');
INSERT INTO `approval_permission` VALUES (356, 15, 'ORG_PRINCIPAL', 'EMPLOYEE', 'STAFF', 'PERSONAL', NULL, 5.00, 1, '2026-04-18 11:57:29', '2026-04-18 17:22:21');
INSERT INTO `approval_permission` VALUES (357, 15, 'ORG_PRINCIPAL', 'EMPLOYEE', 'STAFF', 'SICK', 30.01, NULL, 1, '2026-04-18 11:57:29', '2026-04-18 17:22:21');
INSERT INTO `approval_permission` VALUES (358, 15, 'ORG_PRINCIPAL', 'EMPLOYEE', 'STAFF', 'SICK', 7.01, 30.00, 1, '2026-04-18 11:57:29', '2026-04-18 17:22:21');
INSERT INTO `approval_permission` VALUES (359, 15, 'ORG_PRINCIPAL', 'EMPLOYEE', 'STAFF', 'SICK', NULL, 7.00, 1, '2026-04-18 11:57:29', '2026-04-18 17:22:21');
INSERT INTO `approval_permission` VALUES (360, 15, 'ORG_PRINCIPAL', 'EMPLOYEE', 'STAFF', 'OTHER', NULL, NULL, 1, '2026-04-18 11:57:29', '2026-04-18 17:22:21');
INSERT INTO `approval_permission` VALUES (361, 16, 'PARTY_SECRETARY', 'CADRE', 'SECTION_LEVEL', 'ALL', NULL, NULL, 1, '2026-04-18 11:57:29', '2026-04-18 17:22:21');
INSERT INTO `approval_permission` VALUES (362, 16, 'PARTY_SECRETARY', 'EMPLOYEE', 'STAFF', 'PERSONAL', 30.01, NULL, 1, '2026-04-18 11:57:29', '2026-04-18 17:22:21');
INSERT INTO `approval_permission` VALUES (363, 16, 'STATIONMASTER', 'EMPLOYEE', 'STAFF', 'PERSONAL', 10.01, NULL, 1, '2026-04-18 11:57:29', '2026-04-21 18:03:50');
INSERT INTO `approval_permission` VALUES (364, 16, 'STATIONMASTER', 'EMPLOYEE', 'STAFF', 'SICK', 30.01, NULL, 1, '2026-04-18 11:57:29', '2026-04-18 17:22:21');
INSERT INTO `approval_permission` VALUES (365, 16, 'UNIT_LEADER', 'CADRE', 'SECTION_LEVEL', 'ALL', NULL, NULL, 1, '2026-04-18 11:57:29', '2026-04-18 17:22:21');
INSERT INTO `approval_permission` VALUES (366, 16, 'UNIT_LEADER', 'EMPLOYEE', 'STAFF', 'PERSONAL', 5.01, NULL, 1, '2026-04-18 11:57:29', '2026-04-18 17:22:21');
INSERT INTO `approval_permission` VALUES (367, 16, 'UNIT_LEADER', 'EMPLOYEE', 'STAFF', 'SICK', 7.01, NULL, 1, '2026-04-18 11:57:29', '2026-04-18 17:22:21');
INSERT INTO `approval_permission` VALUES (368, 16, 'DEPUTY_STATIONMASTER', 'EMPLOYEE', 'STAFF', 'PERSONAL', 5.01, 10.00, 1, '2026-04-18 11:57:29', '2026-04-18 17:22:21');
INSERT INTO `approval_permission` VALUES (369, 16, 'DEPUTY_STATIONMASTER', 'EMPLOYEE', 'STAFF', 'SICK', 7.01, 30.00, 1, '2026-04-18 11:57:29', '2026-04-18 17:22:21');
INSERT INTO `approval_permission` VALUES (370, 16, 'HR_SECTION_CHIEF', 'CADRE', 'SECTION_LEVEL', 'ALL', NULL, NULL, 1, '2026-04-18 11:57:29', '2026-04-18 17:22:21');
INSERT INTO `approval_permission` VALUES (371, 16, 'HR_SECTION_CHIEF', 'CADRE', 'GENERAL_CADRE', 'ALL', NULL, NULL, 1, '2026-04-18 11:57:29', '2026-04-18 17:22:21');
INSERT INTO `approval_permission` VALUES (372, 16, 'HR_SECTION_CHIEF', 'EMPLOYEE', 'STAFF', 'PERSONAL', 5.01, NULL, 1, '2026-04-18 11:57:29', '2026-04-18 17:22:21');
INSERT INTO `approval_permission` VALUES (373, 16, 'HR_SECTION_CHIEF', 'EMPLOYEE', 'STAFF', 'SICK', NULL, NULL, 1, '2026-04-18 11:57:29', '2026-04-21 17:01:22');
INSERT INTO `approval_permission` VALUES (374, 16, 'HR_SECTION_CHIEF', 'EMPLOYEE', 'STAFF', 'OTHER', NULL, NULL, 1, '2026-04-18 11:57:29', '2026-04-18 17:22:21');
INSERT INTO `approval_permission` VALUES (375, 16, 'ORG_PRINCIPAL', 'CADRE', 'SECTION_LEVEL', 'ALL', NULL, NULL, 1, '2026-04-18 11:57:29', '2026-04-18 17:22:21');
INSERT INTO `approval_permission` VALUES (376, 16, 'ORG_PRINCIPAL', 'CADRE', 'GENERAL_CADRE', 'ALL', NULL, NULL, 1, '2026-04-18 11:57:29', '2026-04-18 17:22:21');
INSERT INTO `approval_permission` VALUES (377, 16, 'ORG_PRINCIPAL', 'EMPLOYEE', 'STAFF', 'PERSONAL', 30.01, NULL, 1, '2026-04-18 11:57:29', '2026-04-18 17:22:21');
INSERT INTO `approval_permission` VALUES (378, 16, 'ORG_PRINCIPAL', 'EMPLOYEE', 'STAFF', 'PERSONAL', 10.01, 30.00, 1, '2026-04-18 11:57:29', '2026-04-18 17:22:21');
INSERT INTO `approval_permission` VALUES (379, 16, 'ORG_PRINCIPAL', 'EMPLOYEE', 'STAFF', 'PERSONAL', 5.01, 10.00, 1, '2026-04-18 11:57:29', '2026-04-18 17:22:21');
INSERT INTO `approval_permission` VALUES (380, 16, 'ORG_PRINCIPAL', 'EMPLOYEE', 'STAFF', 'PERSONAL', NULL, 5.00, 1, '2026-04-18 11:57:29', '2026-04-18 17:22:21');
INSERT INTO `approval_permission` VALUES (381, 16, 'ORG_PRINCIPAL', 'EMPLOYEE', 'STAFF', 'SICK', 30.01, NULL, 1, '2026-04-18 11:57:29', '2026-04-18 17:22:21');
INSERT INTO `approval_permission` VALUES (382, 16, 'ORG_PRINCIPAL', 'EMPLOYEE', 'STAFF', 'SICK', 7.01, 30.00, 1, '2026-04-18 11:57:29', '2026-04-18 17:22:21');
INSERT INTO `approval_permission` VALUES (383, 16, 'ORG_PRINCIPAL', 'EMPLOYEE', 'STAFF', 'SICK', NULL, 7.00, 1, '2026-04-18 11:57:29', '2026-04-18 17:22:21');
INSERT INTO `approval_permission` VALUES (384, 16, 'ORG_PRINCIPAL', 'EMPLOYEE', 'STAFF', 'OTHER', NULL, NULL, 1, '2026-04-18 11:57:29', '2026-04-18 17:22:21');
INSERT INTO `approval_permission` VALUES (385, 17, 'PARTY_SECRETARY', 'CADRE', 'SECTION_LEVEL', 'ALL', NULL, NULL, 1, '2026-04-18 11:57:29', '2026-04-18 17:22:21');
INSERT INTO `approval_permission` VALUES (386, 17, 'PARTY_SECRETARY', 'EMPLOYEE', 'STAFF', 'PERSONAL', 30.01, NULL, 1, '2026-04-18 11:57:29', '2026-04-18 17:22:21');
INSERT INTO `approval_permission` VALUES (387, 17, 'STATIONMASTER', 'EMPLOYEE', 'STAFF', 'PERSONAL', 10.01, NULL, 1, '2026-04-18 11:57:29', '2026-04-21 18:03:50');
INSERT INTO `approval_permission` VALUES (388, 17, 'STATIONMASTER', 'EMPLOYEE', 'STAFF', 'SICK', 30.01, NULL, 1, '2026-04-18 11:57:29', '2026-04-18 17:22:21');
INSERT INTO `approval_permission` VALUES (389, 17, 'UNIT_LEADER', 'CADRE', 'SECTION_LEVEL', 'ALL', NULL, NULL, 1, '2026-04-18 11:57:29', '2026-04-18 17:22:21');
INSERT INTO `approval_permission` VALUES (390, 17, 'UNIT_LEADER', 'EMPLOYEE', 'STAFF', 'PERSONAL', 5.01, NULL, 1, '2026-04-18 11:57:29', '2026-04-18 17:22:21');
INSERT INTO `approval_permission` VALUES (391, 17, 'UNIT_LEADER', 'EMPLOYEE', 'STAFF', 'SICK', 7.01, NULL, 1, '2026-04-18 11:57:29', '2026-04-18 17:22:21');
INSERT INTO `approval_permission` VALUES (392, 17, 'DEPUTY_STATIONMASTER', 'EMPLOYEE', 'STAFF', 'PERSONAL', 5.01, 10.00, 1, '2026-04-18 11:57:29', '2026-04-18 17:22:21');
INSERT INTO `approval_permission` VALUES (393, 17, 'DEPUTY_STATIONMASTER', 'EMPLOYEE', 'STAFF', 'SICK', 7.01, 30.00, 1, '2026-04-18 11:57:29', '2026-04-18 17:22:21');
INSERT INTO `approval_permission` VALUES (394, 17, 'HR_SECTION_CHIEF', 'CADRE', 'SECTION_LEVEL', 'ALL', NULL, NULL, 1, '2026-04-18 11:57:29', '2026-04-18 17:22:21');
INSERT INTO `approval_permission` VALUES (395, 17, 'HR_SECTION_CHIEF', 'CADRE', 'GENERAL_CADRE', 'ALL', NULL, NULL, 1, '2026-04-18 11:57:29', '2026-04-18 17:22:21');
INSERT INTO `approval_permission` VALUES (396, 17, 'HR_SECTION_CHIEF', 'EMPLOYEE', 'STAFF', 'PERSONAL', 5.01, NULL, 1, '2026-04-18 11:57:29', '2026-04-18 17:22:21');
INSERT INTO `approval_permission` VALUES (397, 17, 'HR_SECTION_CHIEF', 'EMPLOYEE', 'STAFF', 'SICK', NULL, NULL, 1, '2026-04-18 11:57:29', '2026-04-21 17:01:22');
INSERT INTO `approval_permission` VALUES (398, 17, 'HR_SECTION_CHIEF', 'EMPLOYEE', 'STAFF', 'OTHER', NULL, NULL, 1, '2026-04-18 11:57:29', '2026-04-18 17:22:21');
INSERT INTO `approval_permission` VALUES (399, 17, 'ORG_PRINCIPAL', 'CADRE', 'SECTION_LEVEL', 'ALL', NULL, NULL, 1, '2026-04-18 11:57:29', '2026-04-18 17:22:21');
INSERT INTO `approval_permission` VALUES (400, 17, 'ORG_PRINCIPAL', 'CADRE', 'GENERAL_CADRE', 'ALL', NULL, NULL, 1, '2026-04-18 11:57:29', '2026-04-18 17:22:21');
INSERT INTO `approval_permission` VALUES (401, 17, 'ORG_PRINCIPAL', 'EMPLOYEE', 'STAFF', 'PERSONAL', 30.01, NULL, 1, '2026-04-18 11:57:29', '2026-04-18 17:22:21');
INSERT INTO `approval_permission` VALUES (402, 17, 'ORG_PRINCIPAL', 'EMPLOYEE', 'STAFF', 'PERSONAL', 10.01, 30.00, 1, '2026-04-18 11:57:29', '2026-04-18 17:22:21');
INSERT INTO `approval_permission` VALUES (403, 17, 'ORG_PRINCIPAL', 'EMPLOYEE', 'STAFF', 'PERSONAL', 5.01, 10.00, 1, '2026-04-18 11:57:29', '2026-04-18 17:22:21');
INSERT INTO `approval_permission` VALUES (404, 17, 'ORG_PRINCIPAL', 'EMPLOYEE', 'STAFF', 'PERSONAL', NULL, 5.00, 1, '2026-04-18 11:57:29', '2026-04-18 17:22:21');
INSERT INTO `approval_permission` VALUES (405, 17, 'ORG_PRINCIPAL', 'EMPLOYEE', 'STAFF', 'SICK', 30.01, NULL, 1, '2026-04-18 11:57:29', '2026-04-18 17:22:21');
INSERT INTO `approval_permission` VALUES (406, 17, 'ORG_PRINCIPAL', 'EMPLOYEE', 'STAFF', 'SICK', 7.01, 30.00, 1, '2026-04-18 11:57:29', '2026-04-18 17:22:21');
INSERT INTO `approval_permission` VALUES (407, 17, 'ORG_PRINCIPAL', 'EMPLOYEE', 'STAFF', 'SICK', NULL, 7.00, 1, '2026-04-18 11:57:29', '2026-04-18 17:22:21');
INSERT INTO `approval_permission` VALUES (408, 17, 'ORG_PRINCIPAL', 'EMPLOYEE', 'STAFF', 'OTHER', NULL, NULL, 1, '2026-04-18 11:57:29', '2026-04-18 17:22:21');
INSERT INTO `approval_permission` VALUES (409, 18, 'PARTY_SECRETARY', 'CADRE', 'SECTION_LEVEL', 'ALL', NULL, NULL, 1, '2026-04-18 11:57:29', '2026-04-18 17:22:21');
INSERT INTO `approval_permission` VALUES (410, 18, 'PARTY_SECRETARY', 'EMPLOYEE', 'STAFF', 'PERSONAL', 30.01, NULL, 1, '2026-04-18 11:57:29', '2026-04-18 17:22:21');
INSERT INTO `approval_permission` VALUES (411, 18, 'STATIONMASTER', 'EMPLOYEE', 'STAFF', 'PERSONAL', 10.01, NULL, 1, '2026-04-18 11:57:29', '2026-04-21 18:03:50');
INSERT INTO `approval_permission` VALUES (412, 18, 'STATIONMASTER', 'EMPLOYEE', 'STAFF', 'SICK', 30.01, NULL, 1, '2026-04-18 11:57:29', '2026-04-18 17:22:21');
INSERT INTO `approval_permission` VALUES (413, 18, 'UNIT_LEADER', 'CADRE', 'SECTION_LEVEL', 'ALL', NULL, NULL, 1, '2026-04-18 11:57:29', '2026-04-18 17:22:21');
INSERT INTO `approval_permission` VALUES (414, 18, 'UNIT_LEADER', 'EMPLOYEE', 'STAFF', 'PERSONAL', 5.01, NULL, 1, '2026-04-18 11:57:29', '2026-04-18 17:22:21');
INSERT INTO `approval_permission` VALUES (415, 18, 'UNIT_LEADER', 'EMPLOYEE', 'STAFF', 'SICK', 7.01, NULL, 1, '2026-04-18 11:57:29', '2026-04-18 17:22:21');
INSERT INTO `approval_permission` VALUES (416, 18, 'DEPUTY_STATIONMASTER', 'EMPLOYEE', 'STAFF', 'PERSONAL', 5.01, 10.00, 1, '2026-04-18 11:57:29', '2026-04-18 17:22:21');
INSERT INTO `approval_permission` VALUES (417, 18, 'DEPUTY_STATIONMASTER', 'EMPLOYEE', 'STAFF', 'SICK', 7.01, 30.00, 1, '2026-04-18 11:57:29', '2026-04-18 17:22:21');
INSERT INTO `approval_permission` VALUES (418, 18, 'HR_SECTION_CHIEF', 'CADRE', 'SECTION_LEVEL', 'ALL', NULL, NULL, 1, '2026-04-18 11:57:29', '2026-04-18 17:22:21');
INSERT INTO `approval_permission` VALUES (419, 18, 'HR_SECTION_CHIEF', 'CADRE', 'GENERAL_CADRE', 'ALL', NULL, NULL, 1, '2026-04-18 11:57:29', '2026-04-18 17:22:21');
INSERT INTO `approval_permission` VALUES (420, 18, 'HR_SECTION_CHIEF', 'EMPLOYEE', 'STAFF', 'PERSONAL', 5.01, NULL, 1, '2026-04-18 11:57:29', '2026-04-18 17:22:21');
INSERT INTO `approval_permission` VALUES (421, 18, 'HR_SECTION_CHIEF', 'EMPLOYEE', 'STAFF', 'SICK', NULL, NULL, 1, '2026-04-18 11:57:29', '2026-04-21 17:01:22');
INSERT INTO `approval_permission` VALUES (422, 18, 'HR_SECTION_CHIEF', 'EMPLOYEE', 'STAFF', 'OTHER', NULL, NULL, 1, '2026-04-18 11:57:29', '2026-04-18 17:22:21');
INSERT INTO `approval_permission` VALUES (423, 18, 'ORG_PRINCIPAL', 'CADRE', 'SECTION_LEVEL', 'ALL', NULL, NULL, 1, '2026-04-18 11:57:29', '2026-04-18 17:22:21');
INSERT INTO `approval_permission` VALUES (424, 18, 'ORG_PRINCIPAL', 'CADRE', 'GENERAL_CADRE', 'ALL', NULL, NULL, 1, '2026-04-18 11:57:29', '2026-04-18 17:22:21');
INSERT INTO `approval_permission` VALUES (425, 18, 'ORG_PRINCIPAL', 'EMPLOYEE', 'STAFF', 'PERSONAL', 30.01, NULL, 1, '2026-04-18 11:57:29', '2026-04-18 17:22:21');
INSERT INTO `approval_permission` VALUES (426, 18, 'ORG_PRINCIPAL', 'EMPLOYEE', 'STAFF', 'PERSONAL', 10.01, 30.00, 1, '2026-04-18 11:57:29', '2026-04-18 17:22:21');
INSERT INTO `approval_permission` VALUES (427, 18, 'ORG_PRINCIPAL', 'EMPLOYEE', 'STAFF', 'PERSONAL', 5.01, 10.00, 1, '2026-04-18 11:57:29', '2026-04-18 17:22:21');
INSERT INTO `approval_permission` VALUES (428, 18, 'ORG_PRINCIPAL', 'EMPLOYEE', 'STAFF', 'PERSONAL', NULL, 5.00, 1, '2026-04-18 11:57:29', '2026-04-18 17:22:21');
INSERT INTO `approval_permission` VALUES (429, 18, 'ORG_PRINCIPAL', 'EMPLOYEE', 'STAFF', 'SICK', 30.01, NULL, 1, '2026-04-18 11:57:29', '2026-04-18 17:22:21');
INSERT INTO `approval_permission` VALUES (430, 18, 'ORG_PRINCIPAL', 'EMPLOYEE', 'STAFF', 'SICK', 7.01, 30.00, 1, '2026-04-18 11:57:29', '2026-04-18 17:22:21');
INSERT INTO `approval_permission` VALUES (431, 18, 'ORG_PRINCIPAL', 'EMPLOYEE', 'STAFF', 'SICK', NULL, 7.00, 1, '2026-04-18 11:57:29', '2026-04-18 17:22:21');
INSERT INTO `approval_permission` VALUES (432, 18, 'ORG_PRINCIPAL', 'EMPLOYEE', 'STAFF', 'OTHER', NULL, NULL, 1, '2026-04-18 11:57:29', '2026-04-18 17:22:21');
INSERT INTO `approval_permission` VALUES (433, 19, 'PARTY_SECRETARY', 'CADRE', 'SECTION_LEVEL', 'ALL', NULL, NULL, 1, '2026-04-18 11:57:29', '2026-04-18 17:22:21');
INSERT INTO `approval_permission` VALUES (434, 19, 'PARTY_SECRETARY', 'EMPLOYEE', 'STAFF', 'PERSONAL', 30.01, NULL, 1, '2026-04-18 11:57:29', '2026-04-18 17:22:21');
INSERT INTO `approval_permission` VALUES (435, 19, 'STATIONMASTER', 'EMPLOYEE', 'STAFF', 'PERSONAL', 10.01, NULL, 1, '2026-04-18 11:57:29', '2026-04-21 18:03:50');
INSERT INTO `approval_permission` VALUES (436, 19, 'STATIONMASTER', 'EMPLOYEE', 'STAFF', 'SICK', 30.01, NULL, 1, '2026-04-18 11:57:29', '2026-04-18 17:22:21');
INSERT INTO `approval_permission` VALUES (437, 19, 'UNIT_LEADER', 'CADRE', 'SECTION_LEVEL', 'ALL', NULL, NULL, 1, '2026-04-18 11:57:29', '2026-04-18 17:22:21');
INSERT INTO `approval_permission` VALUES (438, 19, 'UNIT_LEADER', 'EMPLOYEE', 'STAFF', 'PERSONAL', 5.01, NULL, 1, '2026-04-18 11:57:29', '2026-04-18 17:22:21');
INSERT INTO `approval_permission` VALUES (439, 19, 'UNIT_LEADER', 'EMPLOYEE', 'STAFF', 'SICK', 7.01, NULL, 1, '2026-04-18 11:57:29', '2026-04-18 17:22:21');
INSERT INTO `approval_permission` VALUES (440, 19, 'DEPUTY_STATIONMASTER', 'EMPLOYEE', 'STAFF', 'PERSONAL', 5.01, 10.00, 1, '2026-04-18 11:57:29', '2026-04-18 17:22:21');
INSERT INTO `approval_permission` VALUES (441, 19, 'DEPUTY_STATIONMASTER', 'EMPLOYEE', 'STAFF', 'SICK', 7.01, 30.00, 1, '2026-04-18 11:57:29', '2026-04-18 17:22:21');
INSERT INTO `approval_permission` VALUES (442, 19, 'HR_SECTION_CHIEF', 'CADRE', 'SECTION_LEVEL', 'ALL', NULL, NULL, 1, '2026-04-18 11:57:29', '2026-04-18 17:22:21');
INSERT INTO `approval_permission` VALUES (443, 19, 'HR_SECTION_CHIEF', 'CADRE', 'GENERAL_CADRE', 'ALL', NULL, NULL, 1, '2026-04-18 11:57:29', '2026-04-18 17:22:21');
INSERT INTO `approval_permission` VALUES (444, 19, 'HR_SECTION_CHIEF', 'EMPLOYEE', 'STAFF', 'PERSONAL', 5.01, NULL, 1, '2026-04-18 11:57:29', '2026-04-18 17:22:21');
INSERT INTO `approval_permission` VALUES (445, 19, 'HR_SECTION_CHIEF', 'EMPLOYEE', 'STAFF', 'SICK', NULL, NULL, 1, '2026-04-18 11:57:29', '2026-04-21 17:01:22');
INSERT INTO `approval_permission` VALUES (446, 19, 'HR_SECTION_CHIEF', 'EMPLOYEE', 'STAFF', 'OTHER', NULL, NULL, 1, '2026-04-18 11:57:29', '2026-04-18 17:22:21');
INSERT INTO `approval_permission` VALUES (447, 19, 'ORG_PRINCIPAL', 'CADRE', 'SECTION_LEVEL', 'ALL', NULL, NULL, 1, '2026-04-18 11:57:29', '2026-04-18 17:22:21');
INSERT INTO `approval_permission` VALUES (448, 19, 'ORG_PRINCIPAL', 'CADRE', 'GENERAL_CADRE', 'ALL', NULL, NULL, 1, '2026-04-18 11:57:29', '2026-04-18 17:22:21');
INSERT INTO `approval_permission` VALUES (449, 19, 'ORG_PRINCIPAL', 'EMPLOYEE', 'STAFF', 'PERSONAL', 30.01, NULL, 1, '2026-04-18 11:57:29', '2026-04-18 17:22:21');
INSERT INTO `approval_permission` VALUES (450, 19, 'ORG_PRINCIPAL', 'EMPLOYEE', 'STAFF', 'PERSONAL', 10.01, 30.00, 1, '2026-04-18 11:57:29', '2026-04-18 17:22:21');
INSERT INTO `approval_permission` VALUES (451, 19, 'ORG_PRINCIPAL', 'EMPLOYEE', 'STAFF', 'PERSONAL', 5.01, 10.00, 1, '2026-04-18 11:57:29', '2026-04-18 17:22:21');
INSERT INTO `approval_permission` VALUES (452, 19, 'ORG_PRINCIPAL', 'EMPLOYEE', 'STAFF', 'PERSONAL', NULL, 5.00, 1, '2026-04-18 11:57:29', '2026-04-18 17:22:21');
INSERT INTO `approval_permission` VALUES (453, 19, 'ORG_PRINCIPAL', 'EMPLOYEE', 'STAFF', 'SICK', 30.01, NULL, 1, '2026-04-18 11:57:29', '2026-04-18 17:22:21');
INSERT INTO `approval_permission` VALUES (454, 19, 'ORG_PRINCIPAL', 'EMPLOYEE', 'STAFF', 'SICK', 7.01, 30.00, 1, '2026-04-18 11:57:29', '2026-04-18 17:22:21');
INSERT INTO `approval_permission` VALUES (455, 19, 'ORG_PRINCIPAL', 'EMPLOYEE', 'STAFF', 'SICK', NULL, 7.00, 1, '2026-04-18 11:57:29', '2026-04-18 17:22:21');
INSERT INTO `approval_permission` VALUES (456, 19, 'ORG_PRINCIPAL', 'EMPLOYEE', 'STAFF', 'OTHER', NULL, NULL, 1, '2026-04-18 11:57:29', '2026-04-18 17:22:21');
INSERT INTO `approval_permission` VALUES (457, 20, 'PARTY_SECRETARY', 'CADRE', 'SECTION_LEVEL', 'ALL', NULL, NULL, 1, '2026-04-18 11:57:29', '2026-04-18 17:22:21');
INSERT INTO `approval_permission` VALUES (458, 20, 'PARTY_SECRETARY', 'EMPLOYEE', 'STAFF', 'PERSONAL', 30.01, NULL, 1, '2026-04-18 11:57:29', '2026-04-18 17:22:21');
INSERT INTO `approval_permission` VALUES (459, 20, 'STATIONMASTER', 'EMPLOYEE', 'STAFF', 'PERSONAL', 10.01, NULL, 1, '2026-04-18 11:57:29', '2026-04-21 18:03:50');
INSERT INTO `approval_permission` VALUES (460, 20, 'STATIONMASTER', 'EMPLOYEE', 'STAFF', 'SICK', 30.01, NULL, 1, '2026-04-18 11:57:29', '2026-04-18 17:22:21');
INSERT INTO `approval_permission` VALUES (461, 20, 'UNIT_LEADER', 'CADRE', 'SECTION_LEVEL', 'ALL', NULL, NULL, 1, '2026-04-18 11:57:29', '2026-04-18 17:22:21');
INSERT INTO `approval_permission` VALUES (462, 20, 'UNIT_LEADER', 'EMPLOYEE', 'STAFF', 'PERSONAL', 5.01, NULL, 1, '2026-04-18 11:57:29', '2026-04-18 17:22:21');
INSERT INTO `approval_permission` VALUES (463, 20, 'UNIT_LEADER', 'EMPLOYEE', 'STAFF', 'SICK', 7.01, NULL, 1, '2026-04-18 11:57:29', '2026-04-18 17:22:21');
INSERT INTO `approval_permission` VALUES (464, 20, 'DEPUTY_STATIONMASTER', 'EMPLOYEE', 'STAFF', 'PERSONAL', 5.01, 10.00, 1, '2026-04-18 11:57:29', '2026-04-18 17:22:21');
INSERT INTO `approval_permission` VALUES (465, 20, 'DEPUTY_STATIONMASTER', 'EMPLOYEE', 'STAFF', 'SICK', 7.01, 30.00, 1, '2026-04-18 11:57:29', '2026-04-18 17:22:21');
INSERT INTO `approval_permission` VALUES (466, 20, 'HR_SECTION_CHIEF', 'CADRE', 'SECTION_LEVEL', 'ALL', NULL, NULL, 1, '2026-04-18 11:57:29', '2026-04-18 17:22:21');
INSERT INTO `approval_permission` VALUES (467, 20, 'HR_SECTION_CHIEF', 'CADRE', 'GENERAL_CADRE', 'ALL', NULL, NULL, 1, '2026-04-18 11:57:29', '2026-04-18 17:22:21');
INSERT INTO `approval_permission` VALUES (468, 20, 'HR_SECTION_CHIEF', 'EMPLOYEE', 'STAFF', 'PERSONAL', 5.01, NULL, 1, '2026-04-18 11:57:29', '2026-04-18 17:22:21');
INSERT INTO `approval_permission` VALUES (469, 20, 'HR_SECTION_CHIEF', 'EMPLOYEE', 'STAFF', 'SICK', NULL, NULL, 1, '2026-04-18 11:57:29', '2026-04-21 17:01:22');
INSERT INTO `approval_permission` VALUES (470, 20, 'HR_SECTION_CHIEF', 'EMPLOYEE', 'STAFF', 'OTHER', NULL, NULL, 1, '2026-04-18 11:57:29', '2026-04-18 17:22:21');
INSERT INTO `approval_permission` VALUES (471, 20, 'ORG_PRINCIPAL', 'CADRE', 'SECTION_LEVEL', 'ALL', NULL, NULL, 1, '2026-04-18 11:57:29', '2026-04-18 17:22:21');
INSERT INTO `approval_permission` VALUES (472, 20, 'ORG_PRINCIPAL', 'CADRE', 'GENERAL_CADRE', 'ALL', NULL, NULL, 1, '2026-04-18 11:57:29', '2026-04-18 17:22:21');
INSERT INTO `approval_permission` VALUES (473, 20, 'ORG_PRINCIPAL', 'EMPLOYEE', 'STAFF', 'PERSONAL', 30.01, NULL, 1, '2026-04-18 11:57:29', '2026-04-18 17:22:21');
INSERT INTO `approval_permission` VALUES (474, 20, 'ORG_PRINCIPAL', 'EMPLOYEE', 'STAFF', 'PERSONAL', 10.01, 30.00, 1, '2026-04-18 11:57:29', '2026-04-18 17:22:21');
INSERT INTO `approval_permission` VALUES (475, 20, 'ORG_PRINCIPAL', 'EMPLOYEE', 'STAFF', 'PERSONAL', 5.01, 10.00, 1, '2026-04-18 11:57:29', '2026-04-18 17:22:21');
INSERT INTO `approval_permission` VALUES (476, 20, 'ORG_PRINCIPAL', 'EMPLOYEE', 'STAFF', 'PERSONAL', NULL, 5.00, 1, '2026-04-18 11:57:29', '2026-04-18 17:22:21');
INSERT INTO `approval_permission` VALUES (477, 20, 'ORG_PRINCIPAL', 'EMPLOYEE', 'STAFF', 'SICK', 30.01, NULL, 1, '2026-04-18 11:57:29', '2026-04-18 17:22:21');
INSERT INTO `approval_permission` VALUES (478, 20, 'ORG_PRINCIPAL', 'EMPLOYEE', 'STAFF', 'SICK', 7.01, 30.00, 1, '2026-04-18 11:57:29', '2026-04-18 17:22:21');
INSERT INTO `approval_permission` VALUES (479, 20, 'ORG_PRINCIPAL', 'EMPLOYEE', 'STAFF', 'SICK', NULL, 7.00, 1, '2026-04-18 11:57:29', '2026-04-18 17:22:21');
INSERT INTO `approval_permission` VALUES (480, 20, 'ORG_PRINCIPAL', 'EMPLOYEE', 'STAFF', 'OTHER', NULL, NULL, 1, '2026-04-18 11:57:29', '2026-04-18 17:22:21');
INSERT INTO `approval_permission` VALUES (481, 21, 'PARTY_SECRETARY', 'CADRE', 'SECTION_LEVEL', 'ALL', NULL, NULL, 1, '2026-04-18 11:57:29', '2026-04-18 17:22:21');
INSERT INTO `approval_permission` VALUES (482, 21, 'PARTY_SECRETARY', 'EMPLOYEE', 'STAFF', 'PERSONAL', 30.01, NULL, 1, '2026-04-18 11:57:29', '2026-04-18 17:22:21');
INSERT INTO `approval_permission` VALUES (483, 21, 'STATIONMASTER', 'EMPLOYEE', 'STAFF', 'PERSONAL', 10.01, NULL, 1, '2026-04-18 11:57:29', '2026-04-21 18:03:50');
INSERT INTO `approval_permission` VALUES (484, 21, 'STATIONMASTER', 'EMPLOYEE', 'STAFF', 'SICK', 30.01, NULL, 1, '2026-04-18 11:57:29', '2026-04-18 17:22:21');
INSERT INTO `approval_permission` VALUES (485, 21, 'UNIT_LEADER', 'CADRE', 'SECTION_LEVEL', 'ALL', NULL, NULL, 1, '2026-04-18 11:57:29', '2026-04-18 17:22:21');
INSERT INTO `approval_permission` VALUES (486, 21, 'UNIT_LEADER', 'EMPLOYEE', 'STAFF', 'PERSONAL', 5.01, NULL, 1, '2026-04-18 11:57:29', '2026-04-18 17:22:21');
INSERT INTO `approval_permission` VALUES (487, 21, 'UNIT_LEADER', 'EMPLOYEE', 'STAFF', 'SICK', 7.01, NULL, 1, '2026-04-18 11:57:29', '2026-04-18 17:22:21');
INSERT INTO `approval_permission` VALUES (488, 21, 'DEPUTY_STATIONMASTER', 'EMPLOYEE', 'STAFF', 'PERSONAL', 5.01, 10.00, 1, '2026-04-18 11:57:29', '2026-04-18 17:22:21');
INSERT INTO `approval_permission` VALUES (489, 21, 'DEPUTY_STATIONMASTER', 'EMPLOYEE', 'STAFF', 'SICK', 7.01, 30.00, 1, '2026-04-18 11:57:29', '2026-04-18 17:22:21');
INSERT INTO `approval_permission` VALUES (490, 21, 'HR_SECTION_CHIEF', 'CADRE', 'SECTION_LEVEL', 'ALL', NULL, NULL, 1, '2026-04-18 11:57:29', '2026-04-18 17:22:21');
INSERT INTO `approval_permission` VALUES (491, 21, 'HR_SECTION_CHIEF', 'CADRE', 'GENERAL_CADRE', 'ALL', NULL, NULL, 1, '2026-04-18 11:57:29', '2026-04-18 17:22:21');
INSERT INTO `approval_permission` VALUES (492, 21, 'HR_SECTION_CHIEF', 'EMPLOYEE', 'STAFF', 'PERSONAL', 5.01, NULL, 1, '2026-04-18 11:57:29', '2026-04-18 17:22:21');
INSERT INTO `approval_permission` VALUES (493, 21, 'HR_SECTION_CHIEF', 'EMPLOYEE', 'STAFF', 'SICK', NULL, NULL, 1, '2026-04-18 11:57:29', '2026-04-21 17:01:22');
INSERT INTO `approval_permission` VALUES (494, 21, 'HR_SECTION_CHIEF', 'EMPLOYEE', 'STAFF', 'OTHER', NULL, NULL, 1, '2026-04-18 11:57:29', '2026-04-18 17:22:21');
INSERT INTO `approval_permission` VALUES (495, 21, 'ORG_PRINCIPAL', 'CADRE', 'SECTION_LEVEL', 'ALL', NULL, NULL, 1, '2026-04-18 11:57:29', '2026-04-18 17:22:21');
INSERT INTO `approval_permission` VALUES (496, 21, 'ORG_PRINCIPAL', 'CADRE', 'GENERAL_CADRE', 'ALL', NULL, NULL, 1, '2026-04-18 11:57:29', '2026-04-18 17:22:21');
INSERT INTO `approval_permission` VALUES (497, 21, 'ORG_PRINCIPAL', 'EMPLOYEE', 'STAFF', 'PERSONAL', 30.01, NULL, 1, '2026-04-18 11:57:29', '2026-04-18 17:22:21');
INSERT INTO `approval_permission` VALUES (498, 21, 'ORG_PRINCIPAL', 'EMPLOYEE', 'STAFF', 'PERSONAL', 10.01, 30.00, 1, '2026-04-18 11:57:29', '2026-04-18 17:22:21');
INSERT INTO `approval_permission` VALUES (499, 21, 'ORG_PRINCIPAL', 'EMPLOYEE', 'STAFF', 'PERSONAL', 5.01, 10.00, 1, '2026-04-18 11:57:29', '2026-04-18 17:22:21');
INSERT INTO `approval_permission` VALUES (500, 21, 'ORG_PRINCIPAL', 'EMPLOYEE', 'STAFF', 'PERSONAL', NULL, 5.00, 1, '2026-04-18 11:57:29', '2026-04-18 17:22:21');
INSERT INTO `approval_permission` VALUES (501, 21, 'ORG_PRINCIPAL', 'EMPLOYEE', 'STAFF', 'SICK', 30.01, NULL, 1, '2026-04-18 11:57:29', '2026-04-18 17:22:21');
INSERT INTO `approval_permission` VALUES (502, 21, 'ORG_PRINCIPAL', 'EMPLOYEE', 'STAFF', 'SICK', 7.01, 30.00, 1, '2026-04-18 11:57:29', '2026-04-18 17:22:21');
INSERT INTO `approval_permission` VALUES (503, 21, 'ORG_PRINCIPAL', 'EMPLOYEE', 'STAFF', 'SICK', NULL, 7.00, 1, '2026-04-18 11:57:29', '2026-04-18 17:22:21');
INSERT INTO `approval_permission` VALUES (504, 21, 'ORG_PRINCIPAL', 'EMPLOYEE', 'STAFF', 'OTHER', NULL, NULL, 1, '2026-04-18 11:57:29', '2026-04-18 17:22:21');
INSERT INTO `approval_permission` VALUES (505, 22, 'PARTY_SECRETARY', 'CADRE', 'SECTION_LEVEL', 'ALL', NULL, NULL, 1, '2026-04-18 11:57:29', '2026-04-18 17:22:21');
INSERT INTO `approval_permission` VALUES (506, 22, 'PARTY_SECRETARY', 'EMPLOYEE', 'STAFF', 'PERSONAL', 30.01, NULL, 1, '2026-04-18 11:57:29', '2026-04-18 17:22:21');
INSERT INTO `approval_permission` VALUES (507, 22, 'STATIONMASTER', 'EMPLOYEE', 'STAFF', 'PERSONAL', 10.01, NULL, 1, '2026-04-18 11:57:29', '2026-04-21 18:03:50');
INSERT INTO `approval_permission` VALUES (508, 22, 'STATIONMASTER', 'EMPLOYEE', 'STAFF', 'SICK', 30.01, NULL, 1, '2026-04-18 11:57:29', '2026-04-18 17:22:21');
INSERT INTO `approval_permission` VALUES (509, 22, 'UNIT_LEADER', 'CADRE', 'SECTION_LEVEL', 'ALL', NULL, NULL, 1, '2026-04-18 11:57:29', '2026-04-18 17:22:21');
INSERT INTO `approval_permission` VALUES (510, 22, 'UNIT_LEADER', 'EMPLOYEE', 'STAFF', 'PERSONAL', 5.01, NULL, 1, '2026-04-18 11:57:29', '2026-04-18 17:22:21');
INSERT INTO `approval_permission` VALUES (511, 22, 'UNIT_LEADER', 'EMPLOYEE', 'STAFF', 'SICK', 7.01, NULL, 1, '2026-04-18 11:57:29', '2026-04-18 17:22:21');
INSERT INTO `approval_permission` VALUES (512, 22, 'DEPUTY_STATIONMASTER', 'EMPLOYEE', 'STAFF', 'PERSONAL', 5.01, 10.00, 1, '2026-04-18 11:57:29', '2026-04-18 17:22:21');
INSERT INTO `approval_permission` VALUES (513, 22, 'DEPUTY_STATIONMASTER', 'EMPLOYEE', 'STAFF', 'SICK', 7.01, 30.00, 1, '2026-04-18 11:57:29', '2026-04-18 17:22:21');
INSERT INTO `approval_permission` VALUES (514, 22, 'HR_SECTION_CHIEF', 'CADRE', 'SECTION_LEVEL', 'ALL', NULL, NULL, 1, '2026-04-18 11:57:29', '2026-04-18 17:22:21');
INSERT INTO `approval_permission` VALUES (515, 22, 'HR_SECTION_CHIEF', 'CADRE', 'GENERAL_CADRE', 'ALL', NULL, NULL, 1, '2026-04-18 11:57:29', '2026-04-18 17:22:21');
INSERT INTO `approval_permission` VALUES (516, 22, 'HR_SECTION_CHIEF', 'EMPLOYEE', 'STAFF', 'PERSONAL', 5.01, NULL, 1, '2026-04-18 11:57:29', '2026-04-18 17:22:21');
INSERT INTO `approval_permission` VALUES (517, 22, 'HR_SECTION_CHIEF', 'EMPLOYEE', 'STAFF', 'SICK', NULL, NULL, 1, '2026-04-18 11:57:29', '2026-04-21 17:01:22');
INSERT INTO `approval_permission` VALUES (518, 22, 'HR_SECTION_CHIEF', 'EMPLOYEE', 'STAFF', 'OTHER', NULL, NULL, 1, '2026-04-18 11:57:29', '2026-04-18 17:22:21');
INSERT INTO `approval_permission` VALUES (519, 22, 'ORG_PRINCIPAL', 'CADRE', 'SECTION_LEVEL', 'ALL', NULL, NULL, 1, '2026-04-18 11:57:29', '2026-04-18 17:22:21');
INSERT INTO `approval_permission` VALUES (520, 22, 'ORG_PRINCIPAL', 'CADRE', 'GENERAL_CADRE', 'ALL', NULL, NULL, 1, '2026-04-18 11:57:29', '2026-04-18 17:22:21');
INSERT INTO `approval_permission` VALUES (521, 22, 'ORG_PRINCIPAL', 'EMPLOYEE', 'STAFF', 'PERSONAL', 30.01, NULL, 1, '2026-04-18 11:57:29', '2026-04-18 17:22:21');
INSERT INTO `approval_permission` VALUES (522, 22, 'ORG_PRINCIPAL', 'EMPLOYEE', 'STAFF', 'PERSONAL', 10.01, 30.00, 1, '2026-04-18 11:57:29', '2026-04-18 17:22:21');
INSERT INTO `approval_permission` VALUES (523, 22, 'ORG_PRINCIPAL', 'EMPLOYEE', 'STAFF', 'PERSONAL', 5.01, 10.00, 1, '2026-04-18 11:57:29', '2026-04-18 17:22:21');
INSERT INTO `approval_permission` VALUES (524, 22, 'ORG_PRINCIPAL', 'EMPLOYEE', 'STAFF', 'PERSONAL', NULL, 5.00, 1, '2026-04-18 11:57:29', '2026-04-18 17:22:21');
INSERT INTO `approval_permission` VALUES (525, 22, 'ORG_PRINCIPAL', 'EMPLOYEE', 'STAFF', 'SICK', 30.01, NULL, 1, '2026-04-18 11:57:29', '2026-04-18 17:22:21');
INSERT INTO `approval_permission` VALUES (526, 22, 'ORG_PRINCIPAL', 'EMPLOYEE', 'STAFF', 'SICK', 7.01, 30.00, 1, '2026-04-18 11:57:29', '2026-04-18 17:22:21');
INSERT INTO `approval_permission` VALUES (527, 22, 'ORG_PRINCIPAL', 'EMPLOYEE', 'STAFF', 'SICK', NULL, 7.00, 1, '2026-04-18 11:57:29', '2026-04-18 17:22:21');
INSERT INTO `approval_permission` VALUES (528, 22, 'ORG_PRINCIPAL', 'EMPLOYEE', 'STAFF', 'OTHER', NULL, NULL, 1, '2026-04-18 11:57:29', '2026-04-18 17:22:21');
INSERT INTO `approval_permission` VALUES (529, 23, 'PARTY_SECRETARY', 'CADRE', 'SECTION_LEVEL', 'ALL', NULL, NULL, 1, '2026-04-18 11:57:29', '2026-04-18 17:22:21');
INSERT INTO `approval_permission` VALUES (530, 23, 'PARTY_SECRETARY', 'EMPLOYEE', 'STAFF', 'PERSONAL', 30.01, NULL, 1, '2026-04-18 11:57:29', '2026-04-18 17:22:21');
INSERT INTO `approval_permission` VALUES (531, 23, 'STATIONMASTER', 'EMPLOYEE', 'STAFF', 'PERSONAL', 10.01, NULL, 1, '2026-04-18 11:57:29', '2026-04-21 18:03:50');
INSERT INTO `approval_permission` VALUES (532, 23, 'STATIONMASTER', 'EMPLOYEE', 'STAFF', 'SICK', 30.01, NULL, 1, '2026-04-18 11:57:29', '2026-04-18 17:22:21');
INSERT INTO `approval_permission` VALUES (533, 23, 'UNIT_LEADER', 'CADRE', 'SECTION_LEVEL', 'ALL', NULL, NULL, 1, '2026-04-18 11:57:29', '2026-04-18 17:22:21');
INSERT INTO `approval_permission` VALUES (534, 23, 'UNIT_LEADER', 'EMPLOYEE', 'STAFF', 'PERSONAL', 5.01, NULL, 1, '2026-04-18 11:57:29', '2026-04-18 17:22:21');
INSERT INTO `approval_permission` VALUES (535, 23, 'UNIT_LEADER', 'EMPLOYEE', 'STAFF', 'SICK', 7.01, NULL, 1, '2026-04-18 11:57:29', '2026-04-18 17:22:21');
INSERT INTO `approval_permission` VALUES (536, 23, 'DEPUTY_STATIONMASTER', 'EMPLOYEE', 'STAFF', 'PERSONAL', 5.01, 10.00, 1, '2026-04-18 11:57:29', '2026-04-18 17:22:21');
INSERT INTO `approval_permission` VALUES (537, 23, 'DEPUTY_STATIONMASTER', 'EMPLOYEE', 'STAFF', 'SICK', 7.01, 30.00, 1, '2026-04-18 11:57:29', '2026-04-18 17:22:21');
INSERT INTO `approval_permission` VALUES (538, 23, 'HR_SECTION_CHIEF', 'CADRE', 'SECTION_LEVEL', 'ALL', NULL, NULL, 1, '2026-04-18 11:57:29', '2026-04-18 17:22:21');
INSERT INTO `approval_permission` VALUES (539, 23, 'HR_SECTION_CHIEF', 'CADRE', 'GENERAL_CADRE', 'ALL', NULL, NULL, 1, '2026-04-18 11:57:29', '2026-04-18 17:22:21');
INSERT INTO `approval_permission` VALUES (540, 23, 'HR_SECTION_CHIEF', 'EMPLOYEE', 'STAFF', 'PERSONAL', 5.01, NULL, 1, '2026-04-18 11:57:29', '2026-04-18 17:22:21');
INSERT INTO `approval_permission` VALUES (541, 23, 'HR_SECTION_CHIEF', 'EMPLOYEE', 'STAFF', 'SICK', NULL, NULL, 1, '2026-04-18 11:57:29', '2026-04-21 17:01:22');
INSERT INTO `approval_permission` VALUES (542, 23, 'HR_SECTION_CHIEF', 'EMPLOYEE', 'STAFF', 'OTHER', NULL, NULL, 1, '2026-04-18 11:57:29', '2026-04-18 17:22:21');
INSERT INTO `approval_permission` VALUES (543, 23, 'ORG_PRINCIPAL', 'CADRE', 'SECTION_LEVEL', 'ALL', NULL, NULL, 1, '2026-04-18 11:57:29', '2026-04-18 17:22:21');
INSERT INTO `approval_permission` VALUES (544, 23, 'ORG_PRINCIPAL', 'CADRE', 'GENERAL_CADRE', 'ALL', NULL, NULL, 1, '2026-04-18 11:57:29', '2026-04-18 17:22:21');
INSERT INTO `approval_permission` VALUES (545, 23, 'ORG_PRINCIPAL', 'EMPLOYEE', 'STAFF', 'PERSONAL', 30.01, NULL, 1, '2026-04-18 11:57:29', '2026-04-18 17:22:21');
INSERT INTO `approval_permission` VALUES (546, 23, 'ORG_PRINCIPAL', 'EMPLOYEE', 'STAFF', 'PERSONAL', 10.01, 30.00, 1, '2026-04-18 11:57:29', '2026-04-18 17:22:21');
INSERT INTO `approval_permission` VALUES (547, 23, 'ORG_PRINCIPAL', 'EMPLOYEE', 'STAFF', 'PERSONAL', 5.01, 10.00, 1, '2026-04-18 11:57:29', '2026-04-18 17:22:21');
INSERT INTO `approval_permission` VALUES (548, 23, 'ORG_PRINCIPAL', 'EMPLOYEE', 'STAFF', 'PERSONAL', NULL, 5.00, 1, '2026-04-18 11:57:29', '2026-04-18 17:22:21');
INSERT INTO `approval_permission` VALUES (549, 23, 'ORG_PRINCIPAL', 'EMPLOYEE', 'STAFF', 'SICK', 30.01, NULL, 1, '2026-04-18 11:57:29', '2026-04-18 17:22:21');
INSERT INTO `approval_permission` VALUES (550, 23, 'ORG_PRINCIPAL', 'EMPLOYEE', 'STAFF', 'SICK', 7.01, 30.00, 1, '2026-04-18 11:57:29', '2026-04-18 17:22:21');
INSERT INTO `approval_permission` VALUES (551, 23, 'ORG_PRINCIPAL', 'EMPLOYEE', 'STAFF', 'SICK', NULL, 7.00, 1, '2026-04-18 11:57:29', '2026-04-18 17:22:21');
INSERT INTO `approval_permission` VALUES (552, 23, 'ORG_PRINCIPAL', 'EMPLOYEE', 'STAFF', 'OTHER', NULL, NULL, 1, '2026-04-18 11:57:29', '2026-04-18 17:22:21');
INSERT INTO `approval_permission` VALUES (553, 24, 'PARTY_SECRETARY', 'CADRE', 'SECTION_LEVEL', 'ALL', NULL, NULL, 1, '2026-04-18 11:57:29', '2026-04-18 17:22:21');
INSERT INTO `approval_permission` VALUES (554, 24, 'PARTY_SECRETARY', 'EMPLOYEE', 'STAFF', 'PERSONAL', 30.01, NULL, 1, '2026-04-18 11:57:29', '2026-04-18 17:22:21');
INSERT INTO `approval_permission` VALUES (555, 24, 'STATIONMASTER', 'EMPLOYEE', 'STAFF', 'PERSONAL', 10.01, NULL, 1, '2026-04-18 11:57:29', '2026-04-21 18:03:50');
INSERT INTO `approval_permission` VALUES (556, 24, 'STATIONMASTER', 'EMPLOYEE', 'STAFF', 'SICK', 30.01, NULL, 1, '2026-04-18 11:57:29', '2026-04-18 17:22:21');
INSERT INTO `approval_permission` VALUES (557, 24, 'UNIT_LEADER', 'CADRE', 'SECTION_LEVEL', 'ALL', NULL, NULL, 1, '2026-04-18 11:57:29', '2026-04-18 17:22:21');
INSERT INTO `approval_permission` VALUES (558, 24, 'UNIT_LEADER', 'EMPLOYEE', 'STAFF', 'PERSONAL', 5.01, NULL, 1, '2026-04-18 11:57:29', '2026-04-18 17:22:21');
INSERT INTO `approval_permission` VALUES (559, 24, 'UNIT_LEADER', 'EMPLOYEE', 'STAFF', 'SICK', 7.01, NULL, 1, '2026-04-18 11:57:29', '2026-04-18 17:22:21');
INSERT INTO `approval_permission` VALUES (560, 24, 'DEPUTY_STATIONMASTER', 'EMPLOYEE', 'STAFF', 'PERSONAL', 5.01, 10.00, 1, '2026-04-18 11:57:29', '2026-04-18 17:22:21');
INSERT INTO `approval_permission` VALUES (561, 24, 'DEPUTY_STATIONMASTER', 'EMPLOYEE', 'STAFF', 'SICK', 7.01, 30.00, 1, '2026-04-18 11:57:29', '2026-04-18 17:22:21');
INSERT INTO `approval_permission` VALUES (562, 24, 'HR_SECTION_CHIEF', 'CADRE', 'SECTION_LEVEL', 'ALL', NULL, NULL, 1, '2026-04-18 11:57:29', '2026-04-18 17:22:21');
INSERT INTO `approval_permission` VALUES (563, 24, 'HR_SECTION_CHIEF', 'CADRE', 'GENERAL_CADRE', 'ALL', NULL, NULL, 1, '2026-04-18 11:57:29', '2026-04-18 17:22:21');
INSERT INTO `approval_permission` VALUES (564, 24, 'HR_SECTION_CHIEF', 'EMPLOYEE', 'STAFF', 'PERSONAL', 5.01, NULL, 1, '2026-04-18 11:57:29', '2026-04-18 17:22:21');
INSERT INTO `approval_permission` VALUES (565, 24, 'HR_SECTION_CHIEF', 'EMPLOYEE', 'STAFF', 'SICK', NULL, NULL, 1, '2026-04-18 11:57:29', '2026-04-21 17:01:22');
INSERT INTO `approval_permission` VALUES (566, 24, 'HR_SECTION_CHIEF', 'EMPLOYEE', 'STAFF', 'OTHER', NULL, NULL, 1, '2026-04-18 11:57:29', '2026-04-18 17:22:21');
INSERT INTO `approval_permission` VALUES (567, 24, 'ORG_PRINCIPAL', 'CADRE', 'SECTION_LEVEL', 'ALL', NULL, NULL, 1, '2026-04-18 11:57:29', '2026-04-18 17:22:21');
INSERT INTO `approval_permission` VALUES (568, 24, 'ORG_PRINCIPAL', 'CADRE', 'GENERAL_CADRE', 'ALL', NULL, NULL, 1, '2026-04-18 11:57:29', '2026-04-18 17:22:21');
INSERT INTO `approval_permission` VALUES (569, 24, 'ORG_PRINCIPAL', 'EMPLOYEE', 'STAFF', 'PERSONAL', 30.01, NULL, 1, '2026-04-18 11:57:29', '2026-04-18 17:22:21');
INSERT INTO `approval_permission` VALUES (570, 24, 'ORG_PRINCIPAL', 'EMPLOYEE', 'STAFF', 'PERSONAL', 10.01, 30.00, 1, '2026-04-18 11:57:29', '2026-04-18 17:22:21');
INSERT INTO `approval_permission` VALUES (571, 24, 'ORG_PRINCIPAL', 'EMPLOYEE', 'STAFF', 'PERSONAL', 5.01, 10.00, 1, '2026-04-18 11:57:29', '2026-04-18 17:22:21');
INSERT INTO `approval_permission` VALUES (572, 24, 'ORG_PRINCIPAL', 'EMPLOYEE', 'STAFF', 'PERSONAL', NULL, 5.00, 1, '2026-04-18 11:57:29', '2026-04-18 17:22:21');
INSERT INTO `approval_permission` VALUES (573, 24, 'ORG_PRINCIPAL', 'EMPLOYEE', 'STAFF', 'SICK', 30.01, NULL, 1, '2026-04-18 11:57:29', '2026-04-18 17:22:21');
INSERT INTO `approval_permission` VALUES (574, 24, 'ORG_PRINCIPAL', 'EMPLOYEE', 'STAFF', 'SICK', 7.01, 30.00, 1, '2026-04-18 11:57:29', '2026-04-18 17:22:21');
INSERT INTO `approval_permission` VALUES (575, 24, 'ORG_PRINCIPAL', 'EMPLOYEE', 'STAFF', 'SICK', NULL, 7.00, 1, '2026-04-18 11:57:29', '2026-04-18 17:22:21');
INSERT INTO `approval_permission` VALUES (576, 24, 'ORG_PRINCIPAL', 'EMPLOYEE', 'STAFF', 'OTHER', NULL, NULL, 1, '2026-04-18 11:57:29', '2026-04-18 17:22:21');
INSERT INTO `approval_permission` VALUES (577, 25, 'PARTY_SECRETARY', 'CADRE', 'SECTION_LEVEL', 'ALL', NULL, NULL, 1, '2026-04-18 11:57:29', '2026-04-18 17:22:21');
INSERT INTO `approval_permission` VALUES (578, 25, 'PARTY_SECRETARY', 'EMPLOYEE', 'STAFF', 'PERSONAL', 30.01, NULL, 1, '2026-04-18 11:57:29', '2026-04-18 17:22:21');
INSERT INTO `approval_permission` VALUES (579, 25, 'STATIONMASTER', 'EMPLOYEE', 'STAFF', 'PERSONAL', 10.01, NULL, 1, '2026-04-18 11:57:29', '2026-04-21 18:03:50');
INSERT INTO `approval_permission` VALUES (580, 25, 'STATIONMASTER', 'EMPLOYEE', 'STAFF', 'SICK', 30.01, NULL, 1, '2026-04-18 11:57:29', '2026-04-18 17:22:21');
INSERT INTO `approval_permission` VALUES (581, 25, 'UNIT_LEADER', 'CADRE', 'SECTION_LEVEL', 'ALL', NULL, NULL, 1, '2026-04-18 11:57:29', '2026-04-18 17:22:21');
INSERT INTO `approval_permission` VALUES (582, 25, 'UNIT_LEADER', 'EMPLOYEE', 'STAFF', 'PERSONAL', 5.01, NULL, 1, '2026-04-18 11:57:29', '2026-04-18 17:22:21');
INSERT INTO `approval_permission` VALUES (583, 25, 'UNIT_LEADER', 'EMPLOYEE', 'STAFF', 'SICK', 7.01, NULL, 1, '2026-04-18 11:57:29', '2026-04-18 17:22:21');
INSERT INTO `approval_permission` VALUES (584, 25, 'DEPUTY_STATIONMASTER', 'EMPLOYEE', 'STAFF', 'PERSONAL', 5.01, 10.00, 1, '2026-04-18 11:57:29', '2026-04-18 17:22:21');
INSERT INTO `approval_permission` VALUES (585, 25, 'DEPUTY_STATIONMASTER', 'EMPLOYEE', 'STAFF', 'SICK', 7.01, 30.00, 1, '2026-04-18 11:57:29', '2026-04-18 17:22:21');
INSERT INTO `approval_permission` VALUES (586, 25, 'HR_SECTION_CHIEF', 'CADRE', 'SECTION_LEVEL', 'ALL', NULL, NULL, 1, '2026-04-18 11:57:29', '2026-04-18 17:22:21');
INSERT INTO `approval_permission` VALUES (587, 25, 'HR_SECTION_CHIEF', 'CADRE', 'GENERAL_CADRE', 'ALL', NULL, NULL, 1, '2026-04-18 11:57:29', '2026-04-18 17:22:21');
INSERT INTO `approval_permission` VALUES (588, 25, 'HR_SECTION_CHIEF', 'EMPLOYEE', 'STAFF', 'PERSONAL', 5.01, NULL, 1, '2026-04-18 11:57:29', '2026-04-18 17:22:21');
INSERT INTO `approval_permission` VALUES (589, 25, 'HR_SECTION_CHIEF', 'EMPLOYEE', 'STAFF', 'SICK', NULL, NULL, 1, '2026-04-18 11:57:29', '2026-04-21 17:01:22');
INSERT INTO `approval_permission` VALUES (590, 25, 'HR_SECTION_CHIEF', 'EMPLOYEE', 'STAFF', 'OTHER', NULL, NULL, 1, '2026-04-18 11:57:29', '2026-04-18 17:22:21');
INSERT INTO `approval_permission` VALUES (591, 25, 'ORG_PRINCIPAL', 'CADRE', 'SECTION_LEVEL', 'ALL', NULL, NULL, 1, '2026-04-18 11:57:29', '2026-04-18 17:22:21');
INSERT INTO `approval_permission` VALUES (592, 25, 'ORG_PRINCIPAL', 'CADRE', 'GENERAL_CADRE', 'ALL', NULL, NULL, 1, '2026-04-18 11:57:29', '2026-04-18 17:22:21');
INSERT INTO `approval_permission` VALUES (593, 25, 'ORG_PRINCIPAL', 'EMPLOYEE', 'STAFF', 'PERSONAL', 30.01, NULL, 1, '2026-04-18 11:57:29', '2026-04-18 17:22:21');
INSERT INTO `approval_permission` VALUES (594, 25, 'ORG_PRINCIPAL', 'EMPLOYEE', 'STAFF', 'PERSONAL', 10.01, 30.00, 1, '2026-04-18 11:57:29', '2026-04-18 17:22:21');
INSERT INTO `approval_permission` VALUES (595, 25, 'ORG_PRINCIPAL', 'EMPLOYEE', 'STAFF', 'PERSONAL', 5.01, 10.00, 1, '2026-04-18 11:57:29', '2026-04-18 17:22:21');
INSERT INTO `approval_permission` VALUES (596, 25, 'ORG_PRINCIPAL', 'EMPLOYEE', 'STAFF', 'PERSONAL', NULL, 5.00, 1, '2026-04-18 11:57:29', '2026-04-18 17:22:21');
INSERT INTO `approval_permission` VALUES (597, 25, 'ORG_PRINCIPAL', 'EMPLOYEE', 'STAFF', 'SICK', 30.01, NULL, 1, '2026-04-18 11:57:29', '2026-04-18 17:22:21');
INSERT INTO `approval_permission` VALUES (598, 25, 'ORG_PRINCIPAL', 'EMPLOYEE', 'STAFF', 'SICK', 7.01, 30.00, 1, '2026-04-18 11:57:29', '2026-04-18 17:22:21');
INSERT INTO `approval_permission` VALUES (599, 25, 'ORG_PRINCIPAL', 'EMPLOYEE', 'STAFF', 'SICK', NULL, 7.00, 1, '2026-04-18 11:57:29', '2026-04-18 17:22:21');
INSERT INTO `approval_permission` VALUES (600, 25, 'ORG_PRINCIPAL', 'EMPLOYEE', 'STAFF', 'OTHER', NULL, NULL, 1, '2026-04-18 11:57:29', '2026-04-18 17:22:21');
INSERT INTO `approval_permission` VALUES (601, 26, 'PARTY_SECRETARY', 'CADRE', 'SECTION_LEVEL', 'ALL', NULL, NULL, 1, '2026-04-18 11:57:29', '2026-04-18 17:22:21');
INSERT INTO `approval_permission` VALUES (602, 26, 'PARTY_SECRETARY', 'EMPLOYEE', 'STAFF', 'PERSONAL', 30.01, NULL, 1, '2026-04-18 11:57:29', '2026-04-18 17:22:21');
INSERT INTO `approval_permission` VALUES (603, 26, 'STATIONMASTER', 'EMPLOYEE', 'STAFF', 'PERSONAL', 10.01, NULL, 1, '2026-04-18 11:57:29', '2026-04-21 18:03:50');
INSERT INTO `approval_permission` VALUES (604, 26, 'STATIONMASTER', 'EMPLOYEE', 'STAFF', 'SICK', 30.01, NULL, 1, '2026-04-18 11:57:29', '2026-04-18 17:22:21');
INSERT INTO `approval_permission` VALUES (605, 26, 'UNIT_LEADER', 'CADRE', 'SECTION_LEVEL', 'ALL', NULL, NULL, 1, '2026-04-18 11:57:29', '2026-04-18 17:22:21');
INSERT INTO `approval_permission` VALUES (606, 26, 'UNIT_LEADER', 'EMPLOYEE', 'STAFF', 'PERSONAL', 5.01, NULL, 1, '2026-04-18 11:57:29', '2026-04-18 17:22:21');
INSERT INTO `approval_permission` VALUES (607, 26, 'UNIT_LEADER', 'EMPLOYEE', 'STAFF', 'SICK', 7.01, NULL, 1, '2026-04-18 11:57:29', '2026-04-18 17:22:21');
INSERT INTO `approval_permission` VALUES (608, 26, 'DEPUTY_STATIONMASTER', 'EMPLOYEE', 'STAFF', 'PERSONAL', 5.01, 10.00, 1, '2026-04-18 11:57:29', '2026-04-18 17:22:21');
INSERT INTO `approval_permission` VALUES (609, 26, 'DEPUTY_STATIONMASTER', 'EMPLOYEE', 'STAFF', 'SICK', 7.01, 30.00, 1, '2026-04-18 11:57:29', '2026-04-18 17:22:21');
INSERT INTO `approval_permission` VALUES (610, 26, 'HR_SECTION_CHIEF', 'CADRE', 'SECTION_LEVEL', 'ALL', NULL, NULL, 1, '2026-04-18 11:57:29', '2026-04-18 17:22:21');
INSERT INTO `approval_permission` VALUES (611, 26, 'HR_SECTION_CHIEF', 'CADRE', 'GENERAL_CADRE', 'ALL', NULL, NULL, 1, '2026-04-18 11:57:29', '2026-04-18 17:22:21');
INSERT INTO `approval_permission` VALUES (612, 26, 'HR_SECTION_CHIEF', 'EMPLOYEE', 'STAFF', 'PERSONAL', 5.01, NULL, 1, '2026-04-18 11:57:29', '2026-04-18 17:22:21');
INSERT INTO `approval_permission` VALUES (613, 26, 'HR_SECTION_CHIEF', 'EMPLOYEE', 'STAFF', 'SICK', NULL, NULL, 1, '2026-04-18 11:57:29', '2026-04-21 17:01:22');
INSERT INTO `approval_permission` VALUES (614, 26, 'HR_SECTION_CHIEF', 'EMPLOYEE', 'STAFF', 'OTHER', NULL, NULL, 1, '2026-04-18 11:57:29', '2026-04-18 17:22:21');
INSERT INTO `approval_permission` VALUES (615, 26, 'ORG_PRINCIPAL', 'CADRE', 'SECTION_LEVEL', 'ALL', NULL, NULL, 1, '2026-04-18 11:57:29', '2026-04-18 17:22:21');
INSERT INTO `approval_permission` VALUES (616, 26, 'ORG_PRINCIPAL', 'CADRE', 'GENERAL_CADRE', 'ALL', NULL, NULL, 1, '2026-04-18 11:57:29', '2026-04-18 17:22:21');
INSERT INTO `approval_permission` VALUES (617, 26, 'ORG_PRINCIPAL', 'EMPLOYEE', 'STAFF', 'PERSONAL', 30.01, NULL, 1, '2026-04-18 11:57:29', '2026-04-18 17:22:22');
INSERT INTO `approval_permission` VALUES (618, 26, 'ORG_PRINCIPAL', 'EMPLOYEE', 'STAFF', 'PERSONAL', 10.01, 30.00, 1, '2026-04-18 11:57:29', '2026-04-18 17:22:22');
INSERT INTO `approval_permission` VALUES (619, 26, 'ORG_PRINCIPAL', 'EMPLOYEE', 'STAFF', 'PERSONAL', 5.01, 10.00, 1, '2026-04-18 11:57:29', '2026-04-18 17:22:22');
INSERT INTO `approval_permission` VALUES (620, 26, 'ORG_PRINCIPAL', 'EMPLOYEE', 'STAFF', 'PERSONAL', NULL, 5.00, 1, '2026-04-18 11:57:29', '2026-04-18 17:22:22');
INSERT INTO `approval_permission` VALUES (621, 26, 'ORG_PRINCIPAL', 'EMPLOYEE', 'STAFF', 'SICK', 30.01, NULL, 1, '2026-04-18 11:57:29', '2026-04-18 17:22:22');
INSERT INTO `approval_permission` VALUES (622, 26, 'ORG_PRINCIPAL', 'EMPLOYEE', 'STAFF', 'SICK', 7.01, 30.00, 1, '2026-04-18 11:57:29', '2026-04-18 17:22:22');
INSERT INTO `approval_permission` VALUES (623, 26, 'ORG_PRINCIPAL', 'EMPLOYEE', 'STAFF', 'SICK', NULL, 7.00, 1, '2026-04-18 11:57:29', '2026-04-18 17:22:22');
INSERT INTO `approval_permission` VALUES (624, 26, 'ORG_PRINCIPAL', 'EMPLOYEE', 'STAFF', 'OTHER', NULL, NULL, 1, '2026-04-18 11:57:29', '2026-04-18 17:22:22');
INSERT INTO `approval_permission` VALUES (625, 27, 'PARTY_SECRETARY', 'CADRE', 'SECTION_LEVEL', 'ALL', NULL, NULL, 1, '2026-04-18 11:57:29', '2026-04-18 17:22:22');
INSERT INTO `approval_permission` VALUES (626, 27, 'PARTY_SECRETARY', 'EMPLOYEE', 'STAFF', 'PERSONAL', 30.01, NULL, 1, '2026-04-18 11:57:29', '2026-04-18 17:22:22');
INSERT INTO `approval_permission` VALUES (627, 27, 'STATIONMASTER', 'EMPLOYEE', 'STAFF', 'PERSONAL', 10.01, NULL, 1, '2026-04-18 11:57:29', '2026-04-21 18:03:50');
INSERT INTO `approval_permission` VALUES (628, 27, 'STATIONMASTER', 'EMPLOYEE', 'STAFF', 'SICK', 30.01, NULL, 1, '2026-04-18 11:57:29', '2026-04-18 17:22:22');
INSERT INTO `approval_permission` VALUES (629, 27, 'UNIT_LEADER', 'CADRE', 'SECTION_LEVEL', 'ALL', NULL, NULL, 1, '2026-04-18 11:57:29', '2026-04-18 17:22:22');
INSERT INTO `approval_permission` VALUES (630, 27, 'UNIT_LEADER', 'EMPLOYEE', 'STAFF', 'PERSONAL', 5.01, NULL, 1, '2026-04-18 11:57:29', '2026-04-18 17:22:22');
INSERT INTO `approval_permission` VALUES (631, 27, 'UNIT_LEADER', 'EMPLOYEE', 'STAFF', 'SICK', 7.01, NULL, 1, '2026-04-18 11:57:29', '2026-04-18 17:22:22');
INSERT INTO `approval_permission` VALUES (632, 27, 'DEPUTY_STATIONMASTER', 'EMPLOYEE', 'STAFF', 'PERSONAL', 5.01, 10.00, 1, '2026-04-18 11:57:29', '2026-04-18 17:22:22');
INSERT INTO `approval_permission` VALUES (633, 27, 'DEPUTY_STATIONMASTER', 'EMPLOYEE', 'STAFF', 'SICK', 7.01, 30.00, 1, '2026-04-18 11:57:29', '2026-04-18 17:22:22');
INSERT INTO `approval_permission` VALUES (634, 27, 'HR_SECTION_CHIEF', 'CADRE', 'SECTION_LEVEL', 'ALL', NULL, NULL, 1, '2026-04-18 11:57:29', '2026-04-18 17:22:22');
INSERT INTO `approval_permission` VALUES (635, 27, 'HR_SECTION_CHIEF', 'CADRE', 'GENERAL_CADRE', 'ALL', NULL, NULL, 1, '2026-04-18 11:57:29', '2026-04-18 17:22:22');
INSERT INTO `approval_permission` VALUES (636, 27, 'HR_SECTION_CHIEF', 'EMPLOYEE', 'STAFF', 'PERSONAL', 5.01, NULL, 1, '2026-04-18 11:57:29', '2026-04-18 17:22:22');
INSERT INTO `approval_permission` VALUES (637, 27, 'HR_SECTION_CHIEF', 'EMPLOYEE', 'STAFF', 'SICK', NULL, NULL, 1, '2026-04-18 11:57:29', '2026-04-21 17:01:22');
INSERT INTO `approval_permission` VALUES (638, 27, 'HR_SECTION_CHIEF', 'EMPLOYEE', 'STAFF', 'OTHER', NULL, NULL, 1, '2026-04-18 11:57:29', '2026-04-18 17:22:22');
INSERT INTO `approval_permission` VALUES (639, 27, 'ORG_PRINCIPAL', 'CADRE', 'SECTION_LEVEL', 'ALL', NULL, NULL, 1, '2026-04-18 11:57:29', '2026-04-18 17:22:22');
INSERT INTO `approval_permission` VALUES (640, 27, 'ORG_PRINCIPAL', 'CADRE', 'GENERAL_CADRE', 'ALL', NULL, NULL, 1, '2026-04-18 11:57:29', '2026-04-18 17:22:22');
INSERT INTO `approval_permission` VALUES (641, 27, 'ORG_PRINCIPAL', 'EMPLOYEE', 'STAFF', 'PERSONAL', 30.01, NULL, 1, '2026-04-18 11:57:29', '2026-04-18 17:22:22');
INSERT INTO `approval_permission` VALUES (642, 27, 'ORG_PRINCIPAL', 'EMPLOYEE', 'STAFF', 'PERSONAL', 10.01, 30.00, 1, '2026-04-18 11:57:29', '2026-04-18 17:22:22');
INSERT INTO `approval_permission` VALUES (643, 27, 'ORG_PRINCIPAL', 'EMPLOYEE', 'STAFF', 'PERSONAL', 5.01, 10.00, 1, '2026-04-18 11:57:29', '2026-04-18 17:22:22');
INSERT INTO `approval_permission` VALUES (644, 27, 'ORG_PRINCIPAL', 'EMPLOYEE', 'STAFF', 'PERSONAL', NULL, 5.00, 1, '2026-04-18 11:57:29', '2026-04-18 17:22:22');
INSERT INTO `approval_permission` VALUES (645, 27, 'ORG_PRINCIPAL', 'EMPLOYEE', 'STAFF', 'SICK', 30.01, NULL, 1, '2026-04-18 11:57:29', '2026-04-18 17:22:22');
INSERT INTO `approval_permission` VALUES (646, 27, 'ORG_PRINCIPAL', 'EMPLOYEE', 'STAFF', 'SICK', 7.01, 30.00, 1, '2026-04-18 11:57:29', '2026-04-18 17:22:22');
INSERT INTO `approval_permission` VALUES (647, 27, 'ORG_PRINCIPAL', 'EMPLOYEE', 'STAFF', 'SICK', NULL, 7.00, 1, '2026-04-18 11:57:29', '2026-04-18 17:22:22');
INSERT INTO `approval_permission` VALUES (648, 27, 'ORG_PRINCIPAL', 'EMPLOYEE', 'STAFF', 'OTHER', NULL, NULL, 1, '2026-04-18 11:57:29', '2026-04-18 17:22:22');
INSERT INTO `approval_permission` VALUES (649, 28, 'PARTY_SECRETARY', 'CADRE', 'SECTION_LEVEL', 'ALL', NULL, NULL, 1, '2026-04-18 11:57:29', '2026-04-18 17:22:22');
INSERT INTO `approval_permission` VALUES (650, 28, 'PARTY_SECRETARY', 'EMPLOYEE', 'STAFF', 'PERSONAL', 30.01, NULL, 1, '2026-04-18 11:57:29', '2026-04-18 17:22:22');
INSERT INTO `approval_permission` VALUES (651, 28, 'STATIONMASTER', 'EMPLOYEE', 'STAFF', 'PERSONAL', 10.01, NULL, 1, '2026-04-18 11:57:29', '2026-04-21 18:03:50');
INSERT INTO `approval_permission` VALUES (652, 28, 'STATIONMASTER', 'EMPLOYEE', 'STAFF', 'SICK', 30.01, NULL, 1, '2026-04-18 11:57:29', '2026-04-18 17:22:22');
INSERT INTO `approval_permission` VALUES (653, 28, 'UNIT_LEADER', 'CADRE', 'SECTION_LEVEL', 'ALL', NULL, NULL, 1, '2026-04-18 11:57:29', '2026-04-18 17:22:22');
INSERT INTO `approval_permission` VALUES (654, 28, 'UNIT_LEADER', 'EMPLOYEE', 'STAFF', 'PERSONAL', 5.01, NULL, 1, '2026-04-18 11:57:29', '2026-04-18 17:22:22');
INSERT INTO `approval_permission` VALUES (655, 28, 'UNIT_LEADER', 'EMPLOYEE', 'STAFF', 'SICK', 7.01, NULL, 1, '2026-04-18 11:57:29', '2026-04-18 17:22:22');
INSERT INTO `approval_permission` VALUES (656, 28, 'DEPUTY_STATIONMASTER', 'EMPLOYEE', 'STAFF', 'PERSONAL', 5.01, 10.00, 1, '2026-04-18 11:57:29', '2026-04-18 17:22:22');
INSERT INTO `approval_permission` VALUES (657, 28, 'DEPUTY_STATIONMASTER', 'EMPLOYEE', 'STAFF', 'SICK', 7.01, 30.00, 1, '2026-04-18 11:57:29', '2026-04-18 17:22:22');
INSERT INTO `approval_permission` VALUES (658, 28, 'HR_SECTION_CHIEF', 'CADRE', 'SECTION_LEVEL', 'ALL', NULL, NULL, 1, '2026-04-18 11:57:29', '2026-04-18 17:22:22');
INSERT INTO `approval_permission` VALUES (659, 28, 'HR_SECTION_CHIEF', 'CADRE', 'GENERAL_CADRE', 'ALL', NULL, NULL, 1, '2026-04-18 11:57:29', '2026-04-18 17:22:22');
INSERT INTO `approval_permission` VALUES (660, 28, 'HR_SECTION_CHIEF', 'EMPLOYEE', 'STAFF', 'PERSONAL', 5.01, NULL, 1, '2026-04-18 11:57:29', '2026-04-18 17:22:22');
INSERT INTO `approval_permission` VALUES (661, 28, 'HR_SECTION_CHIEF', 'EMPLOYEE', 'STAFF', 'SICK', NULL, NULL, 1, '2026-04-18 11:57:29', '2026-04-21 17:01:22');
INSERT INTO `approval_permission` VALUES (662, 28, 'HR_SECTION_CHIEF', 'EMPLOYEE', 'STAFF', 'OTHER', NULL, NULL, 1, '2026-04-18 11:57:29', '2026-04-18 17:22:22');
INSERT INTO `approval_permission` VALUES (663, 28, 'ORG_PRINCIPAL', 'CADRE', 'SECTION_LEVEL', 'ALL', NULL, NULL, 1, '2026-04-18 11:57:29', '2026-04-18 17:22:22');
INSERT INTO `approval_permission` VALUES (664, 28, 'ORG_PRINCIPAL', 'CADRE', 'GENERAL_CADRE', 'ALL', NULL, NULL, 1, '2026-04-18 11:57:29', '2026-04-18 17:22:22');
INSERT INTO `approval_permission` VALUES (665, 28, 'ORG_PRINCIPAL', 'EMPLOYEE', 'STAFF', 'PERSONAL', 30.01, NULL, 1, '2026-04-18 11:57:29', '2026-04-18 17:22:22');
INSERT INTO `approval_permission` VALUES (666, 28, 'ORG_PRINCIPAL', 'EMPLOYEE', 'STAFF', 'PERSONAL', 10.01, 30.00, 1, '2026-04-18 11:57:29', '2026-04-18 17:22:22');
INSERT INTO `approval_permission` VALUES (667, 28, 'ORG_PRINCIPAL', 'EMPLOYEE', 'STAFF', 'PERSONAL', 5.01, 10.00, 1, '2026-04-18 11:57:29', '2026-04-18 17:22:22');
INSERT INTO `approval_permission` VALUES (668, 28, 'ORG_PRINCIPAL', 'EMPLOYEE', 'STAFF', 'PERSONAL', NULL, 5.00, 1, '2026-04-18 11:57:29', '2026-04-18 17:22:22');
INSERT INTO `approval_permission` VALUES (669, 28, 'ORG_PRINCIPAL', 'EMPLOYEE', 'STAFF', 'SICK', 30.01, NULL, 1, '2026-04-18 11:57:29', '2026-04-18 17:22:22');
INSERT INTO `approval_permission` VALUES (670, 28, 'ORG_PRINCIPAL', 'EMPLOYEE', 'STAFF', 'SICK', 7.01, 30.00, 1, '2026-04-18 11:57:29', '2026-04-18 17:22:22');
INSERT INTO `approval_permission` VALUES (671, 28, 'ORG_PRINCIPAL', 'EMPLOYEE', 'STAFF', 'SICK', NULL, 7.00, 1, '2026-04-18 11:57:29', '2026-04-18 17:22:22');
INSERT INTO `approval_permission` VALUES (672, 28, 'ORG_PRINCIPAL', 'EMPLOYEE', 'STAFF', 'OTHER', NULL, NULL, 1, '2026-04-18 11:57:29', '2026-04-18 17:22:22');
INSERT INTO `approval_permission` VALUES (673, 29, 'PARTY_SECRETARY', 'CADRE', 'SECTION_LEVEL', 'ALL', NULL, NULL, 1, '2026-04-18 11:57:29', '2026-04-18 17:22:22');
INSERT INTO `approval_permission` VALUES (674, 29, 'PARTY_SECRETARY', 'EMPLOYEE', 'STAFF', 'PERSONAL', 30.01, NULL, 1, '2026-04-18 11:57:29', '2026-04-18 17:22:22');
INSERT INTO `approval_permission` VALUES (675, 29, 'STATIONMASTER', 'EMPLOYEE', 'STAFF', 'PERSONAL', 10.01, NULL, 1, '2026-04-18 11:57:29', '2026-04-21 18:03:50');
INSERT INTO `approval_permission` VALUES (676, 29, 'STATIONMASTER', 'EMPLOYEE', 'STAFF', 'SICK', 30.01, NULL, 1, '2026-04-18 11:57:29', '2026-04-18 17:22:22');
INSERT INTO `approval_permission` VALUES (677, 29, 'UNIT_LEADER', 'CADRE', 'SECTION_LEVEL', 'ALL', NULL, NULL, 1, '2026-04-18 11:57:29', '2026-04-18 17:22:22');
INSERT INTO `approval_permission` VALUES (678, 29, 'UNIT_LEADER', 'EMPLOYEE', 'STAFF', 'PERSONAL', 5.01, NULL, 1, '2026-04-18 11:57:29', '2026-04-18 17:22:22');
INSERT INTO `approval_permission` VALUES (679, 29, 'UNIT_LEADER', 'EMPLOYEE', 'STAFF', 'SICK', 7.01, NULL, 1, '2026-04-18 11:57:29', '2026-04-18 17:22:22');
INSERT INTO `approval_permission` VALUES (680, 29, 'DEPUTY_STATIONMASTER', 'EMPLOYEE', 'STAFF', 'PERSONAL', 5.01, 10.00, 1, '2026-04-18 11:57:29', '2026-04-18 17:22:22');
INSERT INTO `approval_permission` VALUES (681, 29, 'DEPUTY_STATIONMASTER', 'EMPLOYEE', 'STAFF', 'SICK', 7.01, 30.00, 1, '2026-04-18 11:57:29', '2026-04-18 17:22:22');
INSERT INTO `approval_permission` VALUES (682, 29, 'HR_SECTION_CHIEF', 'CADRE', 'SECTION_LEVEL', 'ALL', NULL, NULL, 1, '2026-04-18 11:57:29', '2026-04-18 17:22:22');
INSERT INTO `approval_permission` VALUES (683, 29, 'HR_SECTION_CHIEF', 'CADRE', 'GENERAL_CADRE', 'ALL', NULL, NULL, 1, '2026-04-18 11:57:29', '2026-04-18 17:22:22');
INSERT INTO `approval_permission` VALUES (684, 29, 'HR_SECTION_CHIEF', 'EMPLOYEE', 'STAFF', 'PERSONAL', 5.01, NULL, 1, '2026-04-18 11:57:29', '2026-04-18 17:22:22');
INSERT INTO `approval_permission` VALUES (685, 29, 'HR_SECTION_CHIEF', 'EMPLOYEE', 'STAFF', 'SICK', NULL, NULL, 1, '2026-04-18 11:57:29', '2026-04-21 17:01:22');
INSERT INTO `approval_permission` VALUES (686, 29, 'HR_SECTION_CHIEF', 'EMPLOYEE', 'STAFF', 'OTHER', NULL, NULL, 1, '2026-04-18 11:57:29', '2026-04-18 17:22:22');
INSERT INTO `approval_permission` VALUES (687, 29, 'ORG_PRINCIPAL', 'CADRE', 'SECTION_LEVEL', 'ALL', NULL, NULL, 1, '2026-04-18 11:57:29', '2026-04-18 17:22:22');
INSERT INTO `approval_permission` VALUES (688, 29, 'ORG_PRINCIPAL', 'CADRE', 'GENERAL_CADRE', 'ALL', NULL, NULL, 1, '2026-04-18 11:57:29', '2026-04-18 17:22:22');
INSERT INTO `approval_permission` VALUES (689, 29, 'ORG_PRINCIPAL', 'EMPLOYEE', 'STAFF', 'PERSONAL', 30.01, NULL, 1, '2026-04-18 11:57:29', '2026-04-18 17:22:22');
INSERT INTO `approval_permission` VALUES (690, 29, '车间负责人', NULL, NULL, 'PERSONAL', 10.02, 30.00, 1, '2026-04-18 11:57:29', '2026-04-19 19:45:13');
INSERT INTO `approval_permission` VALUES (691, 29, '车间负责人', 'EMPLOYEE', NULL, NULL, 5.50, 10.00, 1, '2026-04-18 11:57:29', '2026-04-19 19:40:04');
INSERT INTO `approval_permission` VALUES (692, 29, 'ORG_PRINCIPAL', 'EMPLOYEE', 'STAFF', 'PERSONAL', NULL, 5.00, 1, '2026-04-18 11:57:29', '2026-04-18 17:22:22');
INSERT INTO `approval_permission` VALUES (693, 29, 'ORG_PRINCIPAL', 'EMPLOYEE', 'STAFF', 'SICK', 30.01, NULL, 1, '2026-04-18 11:57:29', '2026-04-20 10:15:52');
INSERT INTO `approval_permission` VALUES (694, 29, 'ATTENDANCE_ADMIN', NULL, NULL, NULL, 7.50, 31.00, 1, '2026-04-18 11:57:29', '2026-04-19 19:44:22');
INSERT INTO `approval_permission` VALUES (695, 29, 'ORG_PRINCIPAL', 'EMPLOYEE', 'STAFF', 'SICK', NULL, 7.00, 1, '2026-04-18 11:57:29', '2026-04-19 19:13:03');
INSERT INTO `approval_permission` VALUES (696, 29, 'ORG_PRINCIPAL', 'EMPLOYEE', 'STAFF', 'OTHER', NULL, NULL, 1, '2026-04-18 11:57:29', '2026-04-18 17:22:22');

-- ----------------------------
-- Table structure for approval_rule
-- ----------------------------
DROP TABLE IF EXISTS `approval_rule`;
CREATE TABLE `approval_rule`  (
  `id` bigint NOT NULL AUTO_INCREMENT COMMENT '主键',
  `rule_code` varchar(50) CHARACTER SET utf8mb4 COLLATE utf8mb4_unicode_ci NOT NULL COMMENT '规则编码',
  `rule_name` varchar(100) CHARACTER SET utf8mb4 COLLATE utf8mb4_unicode_ci NOT NULL COMMENT '规则名称',
  `applicant_type` varchar(30) CHARACTER SET utf8mb4 COLLATE utf8mb4_unicode_ci NOT NULL COMMENT '申请人类型: EMPLOYEE/CADRE',
  `position_level_code` varchar(30) CHARACTER SET utf8mb4 COLLATE utf8mb4_unicode_ci NOT NULL COMMENT '岗位级别',
  `leave_scope` varchar(30) CHARACTER SET utf8mb4 COLLATE utf8mb4_unicode_ci NOT NULL DEFAULT 'ALL' COMMENT '适用假别范围: ALL/OTHER/SICK/PERSONAL',
  `exceeds_month_only` tinyint NOT NULL DEFAULT 0 COMMENT '是否仅超过一个月时触发',
  `min_days` decimal(8, 2) NULL DEFAULT NULL COMMENT '最小请假天数，含边界',
  `max_days` decimal(8, 2) NULL DEFAULT NULL COMMENT '最大请假天数，含边界',
  `description` varchar(500) CHARACTER SET utf8mb4 COLLATE utf8mb4_unicode_ci NULL DEFAULT NULL COMMENT '规则说明',
  `is_enabled` tinyint NOT NULL DEFAULT 1 COMMENT '是否启用',
  `created_at` datetime NOT NULL DEFAULT CURRENT_TIMESTAMP COMMENT '创建时间',
  `updated_at` datetime NOT NULL DEFAULT CURRENT_TIMESTAMP ON UPDATE CURRENT_TIMESTAMP COMMENT '更新时间',
  PRIMARY KEY (`id`) USING BTREE,
  UNIQUE INDEX `uk_approval_rule_code`(`rule_code` ASC) USING BTREE
) ENGINE = InnoDB AUTO_INCREMENT = 13 CHARACTER SET = utf8mb4 COLLATE = utf8mb4_unicode_ci COMMENT = '审批规则主表' ROW_FORMAT = DYNAMIC;

-- ----------------------------
-- Records of approval_rule
-- ----------------------------
INSERT INTO `approval_rule` VALUES (1, 'EMPLOYEE_OTHER_FLOW', '普通职工普通假流程', 'EMPLOYEE', 'STAFF', 'OTHER', 0, NULL, NULL, '负责人审批签名，人事科审批签名后返回科室车间负责人，流程结束', 1, '2026-04-17 11:44:34', '2026-04-17 11:44:34');
INSERT INTO `approval_rule` VALUES (2, 'EMPLOYEE_SICK_7_WITHIN', '普通职工病假7日内流程', 'EMPLOYEE', 'STAFF', 'SICK', 0, NULL, 7.00, '负责人审批签名，人事科审批签名后返回科室车间负责人，流程结束', 1, '2026-04-17 11:44:34', '2026-04-17 11:44:34');
INSERT INTO `approval_rule` VALUES (3, 'EMPLOYEE_SICK_7_TO_30', '普通职工病假7日以上1个月内流程', 'EMPLOYEE', 'STAFF', 'SICK', 0, 7.01, 30.00, '负责人审批签名，人事科审批签名后返回科室车间负责人选择主管领导审批', 1, '2026-04-17 11:44:34', '2026-04-17 11:44:34');
INSERT INTO `approval_rule` VALUES (4, 'EMPLOYEE_SICK_OVER_30', '普通职工病假1个月以上流程', 'EMPLOYEE', 'STAFF', 'SICK', 1, 30.01, NULL, '负责人审批签名，人事科审批签名后返回科室车间负责人选择单位领导审批', 1, '2026-04-17 11:44:34', '2026-04-17 11:44:34');
INSERT INTO `approval_rule` VALUES (5, 'EMPLOYEE_PERSONAL_5_TO_10', '普通职工事假5天以上10天以内流程', 'EMPLOYEE', 'STAFF', 'PERSONAL', 0, 5.01, 10.00, '负责人审批签名，人事科审批签名后返回科室车间负责人选择主管领导审批', 1, '2026-04-17 11:44:34', '2026-04-17 11:44:34');
INSERT INTO `approval_rule` VALUES (6, 'EMPLOYEE_PERSONAL_10_TO_30', '普通职工事假10天以上30天以内流程', 'EMPLOYEE', 'STAFF', 'PERSONAL', 0, 10.01, 30.00, '负责人审批签名，人事科审批签名后返回科室车间负责人选择单位领导审批', 1, '2026-04-17 11:44:34', '2026-04-17 11:44:34');
INSERT INTO `approval_rule` VALUES (7, 'EMPLOYEE_PERSONAL_OVER_30', '普通职工事假30天以上流程', 'EMPLOYEE', 'STAFF', 'PERSONAL', 1, 30.01, NULL, '负责人审批签名，人事科审批签名后返回科室车间负责人选择党正两位领导审批', 1, '2026-04-17 11:44:34', '2026-04-17 11:44:34');
INSERT INTO `approval_rule` VALUES (8, 'MANAGER_GENERAL_FLOW', '管理人员一般干部流程', 'CADRE', 'GENERAL_CADRE', 'ALL', 0, NULL, NULL, '负责人审批签名，人事科审批签名后返回科室车间负责人，流程结束', 1, '2026-04-17 11:44:34', '2026-04-17 11:44:34');
INSERT INTO `approval_rule` VALUES (9, 'MANAGER_SECTION_FLOW', '管理人员中层正职流程', 'CADRE', 'SECTION_LEVEL', 'ALL', 0, NULL, NULL, '负责人审批签名，人事科审批签名后返回科室车间负责人选择党正两位领导审批', 1, '2026-04-17 11:44:34', '2026-04-17 11:44:34');
INSERT INTO `approval_rule` VALUES (10, 'EMPLOYEE_PERSONAL_WITHIN_5', '普通职工事假5天以下流程', 'EMPLOYEE', 'STAFF', 'PERSONAL', 0, NULL, 5.00, '考勤管理员发起后，由科室车间负责人审批（电子签名），流程结束', 1, '2026-04-17 19:20:19', '2026-04-17 19:20:19');
INSERT INTO `approval_rule` VALUES (11, 'MANAGER_GENERAL_OVER_MONTH_FLOW', '????????30?????', 'CADRE', 'GENERAL_CADRE', 'ALL', 1, 30.01, NULL, '??????????????????????????????', 1, '2026-04-21 22:40:05', '2026-04-21 22:40:05');
INSERT INTO `approval_rule` VALUES (12, 'MANAGER_SECTION_OVER_MONTH_FLOW', '????????30?????', 'CADRE', 'SECTION_LEVEL', 'ALL', 1, 30.01, NULL, '???????????????????????????????????', 1, '2026-04-21 22:40:06', '2026-04-21 22:40:06');

-- ----------------------------
-- Table structure for approval_rule_step
-- ----------------------------
DROP TABLE IF EXISTS `approval_rule_step`;
CREATE TABLE `approval_rule_step`  (
  `id` bigint NOT NULL AUTO_INCREMENT COMMENT '主键',
  `rule_id` bigint NOT NULL COMMENT '规则ID',
  `step_no` int NOT NULL COMMENT '步骤序号',
  `action_type` varchar(20) CHARACTER SET utf8mb4 COLLATE utf8mb4_unicode_ci NOT NULL COMMENT '节点类型: APPROVE/SELECT',
  `assignee_count` int NOT NULL DEFAULT 0 COMMENT '选择审批人数量',
  `candidate_group` varchar(50) CHARACTER SET utf8mb4 COLLATE utf8mb4_unicode_ci NULL DEFAULT NULL COMMENT '候选领导分组',
  `step_code` varchar(50) CHARACTER SET utf8mb4 COLLATE utf8mb4_unicode_ci NOT NULL COMMENT '步骤编码',
  `step_code_name` varchar(100) CHARACTER SET utf8mb4 COLLATE utf8mb4_unicode_ci NOT NULL COMMENT '步骤编码中文名称',
  `step_name` varchar(100) CHARACTER SET utf8mb4 COLLATE utf8mb4_unicode_ci NOT NULL COMMENT '步骤名称',
  `approver_source` varchar(30) CHARACTER SET utf8mb4 COLLATE utf8mb4_unicode_ci NOT NULL COMMENT '审批人来源: APPLICANT_ORG/HR_ORG/UNIT',
  `approver_role_code` varchar(50) CHARACTER SET utf8mb4 COLLATE utf8mb4_unicode_ci NOT NULL COMMENT '审批角色编码',
  `approver_role_name` varchar(100) CHARACTER SET utf8mb4 COLLATE utf8mb4_unicode_ci NOT NULL COMMENT '审批角色中文名称',
  `return_to_org` tinyint NOT NULL DEFAULT 0 COMMENT '审批后是否回传本单位',
  `created_at` datetime NOT NULL DEFAULT CURRENT_TIMESTAMP COMMENT '创建时间',
  `updated_at` datetime NOT NULL DEFAULT CURRENT_TIMESTAMP ON UPDATE CURRENT_TIMESTAMP COMMENT '更新时间',
  PRIMARY KEY (`id`) USING BTREE,
  UNIQUE INDEX `uk_approval_rule_step`(`rule_id` ASC, `step_no` ASC) USING BTREE,
  CONSTRAINT `fk_approval_rule_step_rule` FOREIGN KEY (`rule_id`) REFERENCES `approval_rule` (`id`) ON DELETE RESTRICT ON UPDATE RESTRICT
) ENGINE = InnoDB AUTO_INCREMENT = 42 CHARACTER SET = utf8mb4 COLLATE = utf8mb4_unicode_ci COMMENT = '审批规则步骤表' ROW_FORMAT = DYNAMIC;

-- ----------------------------
-- Records of approval_rule_step
-- ----------------------------
INSERT INTO `approval_rule_step` VALUES (1, 1, 1, 'APPROVE', 0, NULL, 'ORG_PRINCIPAL_APPROVE', '科室车间负责人审批', '科室车间负责人审批（电子签名）', 'APPLICANT_ORG', 'ORG_PRINCIPAL', '科室车间负责人', 0, '2026-04-17 11:44:34', '2026-04-17 11:44:34');
INSERT INTO `approval_rule_step` VALUES (2, 1, 2, 'APPROVE', 0, NULL, 'HR_APPROVE', '劳动人事科科长审批', '劳动人事科科长审批（电子签名）', 'HR_ORG', 'HR_SECTION_CHIEF', '劳动人事科科长', 1, '2026-04-17 11:44:34', '2026-04-17 11:44:34');
INSERT INTO `approval_rule_step` VALUES (3, 2, 1, 'APPROVE', 0, NULL, 'ORG_PRINCIPAL_APPROVE', '科室车间负责人审批', '科室车间负责人审批（电子签名）', 'APPLICANT_ORG', 'ORG_PRINCIPAL', '科室车间负责人', 0, '2026-04-17 11:44:34', '2026-04-17 11:44:34');
INSERT INTO `approval_rule_step` VALUES (4, 2, 2, 'APPROVE', 0, NULL, 'HR_APPROVE', '劳动人事科科长审批', '劳动人事科科长审批（电子签名）', 'HR_ORG', 'HR_SECTION_CHIEF', '劳动人事科科长', 1, '2026-04-17 11:44:34', '2026-04-17 11:44:34');
INSERT INTO `approval_rule_step` VALUES (5, 3, 1, 'APPROVE', 0, NULL, 'ORG_PRINCIPAL_APPROVE', '科室车间负责人审批', '科室车间负责人审批（电子签名）', 'APPLICANT_ORG', 'ORG_PRINCIPAL', '科室车间负责人', 0, '2026-04-17 11:44:34', '2026-04-17 11:44:34');
INSERT INTO `approval_rule_step` VALUES (6, 3, 2, 'APPROVE', 0, NULL, 'HR_APPROVE', '劳动人事科科长审批', '劳动人事科科长审批（电子签名）', 'HR_ORG', 'HR_SECTION_CHIEF', '劳动人事科科长', 1, '2026-04-17 11:44:34', '2026-04-17 11:44:34');
INSERT INTO `approval_rule_step` VALUES (7, 3, 3, 'SELECT', 1, 'SUPERVISOR_LEADER', 'SELECT_SUPERVISOR', '选择主管领导', '科室车间负责人选择主管领导', 'APPLICANT_ORG', 'ORG_PRINCIPAL', '科室车间负责人', 0, '2026-04-17 11:44:34', '2026-04-17 11:44:34');
INSERT INTO `approval_rule_step` VALUES (8, 3, 4, 'APPROVE', 0, 'SUPERVISOR_LEADER', 'SELECTED_LEADER_APPROVE', '主管领导审批', '主管领导审批（电子签名）', 'SELECTED', 'UNIT_LEADER', '主管领导', 1, '2026-04-17 11:44:34', '2026-04-17 11:44:34');
INSERT INTO `approval_rule_step` VALUES (9, 4, 1, 'APPROVE', 0, NULL, 'ORG_PRINCIPAL_APPROVE', '科室车间负责人审批', '科室车间负责人审批（电子签名）', 'APPLICANT_ORG', 'ORG_PRINCIPAL', '科室车间负责人', 0, '2026-04-17 11:44:34', '2026-04-17 11:44:34');
INSERT INTO `approval_rule_step` VALUES (10, 4, 2, 'APPROVE', 0, NULL, 'HR_APPROVE', '劳动人事科科长审批', '劳动人事科科长审批（电子签名）', 'HR_ORG', 'HR_SECTION_CHIEF', '劳动人事科科长', 1, '2026-04-17 11:44:34', '2026-04-17 11:44:34');
INSERT INTO `approval_rule_step` VALUES (11, 4, 3, 'SELECT', 1, 'UNIT_LEADER', 'SELECT_UNIT_LEADER', '选择单位领导', '科室车间负责人选择单位领导', 'APPLICANT_ORG', 'ORG_PRINCIPAL', '科室车间负责人', 0, '2026-04-17 11:44:34', '2026-04-17 11:44:34');
INSERT INTO `approval_rule_step` VALUES (12, 4, 4, 'APPROVE', 0, 'UNIT_LEADER', 'SELECTED_LEADER_APPROVE', '单位领导审批', '单位领导审批（电子签名）', 'SELECTED', 'UNIT_LEADER', '单位领导', 1, '2026-04-17 11:44:34', '2026-04-17 11:44:34');
INSERT INTO `approval_rule_step` VALUES (13, 5, 1, 'APPROVE', 0, NULL, 'ORG_PRINCIPAL_APPROVE', '科室车间负责人审批', '科室车间负责人审批（电子签名）', 'APPLICANT_ORG', 'ORG_PRINCIPAL', '科室车间负责人', 0, '2026-04-17 11:44:34', '2026-04-17 11:44:34');
INSERT INTO `approval_rule_step` VALUES (14, 5, 2, 'APPROVE', 0, NULL, 'HR_APPROVE', '劳动人事科科长审批', '劳动人事科科长审批（电子签名）', 'HR_ORG', 'HR_SECTION_CHIEF', '劳动人事科科长', 1, '2026-04-17 11:44:34', '2026-04-17 11:44:34');
INSERT INTO `approval_rule_step` VALUES (15, 5, 3, 'SELECT', 1, 'SUPERVISOR_LEADER', 'SELECT_SUPERVISOR', '选择主管领导', '科室车间负责人选择主管领导', 'APPLICANT_ORG', 'ORG_PRINCIPAL', '科室车间负责人', 0, '2026-04-17 11:44:34', '2026-04-17 11:44:34');
INSERT INTO `approval_rule_step` VALUES (16, 5, 4, 'APPROVE', 0, 'SUPERVISOR_LEADER', 'SELECTED_LEADER_APPROVE', '主管领导审批', '主管领导审批（电子签名）', 'SELECTED', 'UNIT_LEADER', '主管领导', 1, '2026-04-17 11:44:34', '2026-04-17 11:44:34');
INSERT INTO `approval_rule_step` VALUES (17, 6, 1, 'APPROVE', 0, NULL, 'ORG_PRINCIPAL_APPROVE', '科室车间负责人审批', '科室车间负责人审批（电子签名）', 'APPLICANT_ORG', 'ORG_PRINCIPAL', '科室车间负责人', 0, '2026-04-17 11:44:34', '2026-04-17 11:44:34');
INSERT INTO `approval_rule_step` VALUES (18, 6, 2, 'APPROVE', 0, NULL, 'HR_APPROVE', '劳动人事科科长审批', '劳动人事科科长审批（电子签名）', 'HR_ORG', 'HR_SECTION_CHIEF', '劳动人事科科长', 1, '2026-04-17 11:44:34', '2026-04-17 11:44:34');
INSERT INTO `approval_rule_step` VALUES (19, 6, 3, 'SELECT', 1, 'UNIT_LEADER', 'SELECT_UNIT_LEADER', '选择单位领导', '科室车间负责人选择单位领导', 'APPLICANT_ORG', 'ORG_PRINCIPAL', '科室车间负责人', 0, '2026-04-17 11:44:34', '2026-04-17 11:44:34');
INSERT INTO `approval_rule_step` VALUES (20, 6, 4, 'APPROVE', 0, 'UNIT_LEADER', 'SELECTED_LEADER_APPROVE', '单位领导审批', '单位领导审批（电子签名）', 'SELECTED', 'STATIONMASTER', '站长', 1, '2026-04-17 11:44:34', '2026-04-21 18:06:45');
INSERT INTO `approval_rule_step` VALUES (21, 7, 1, 'APPROVE', 0, NULL, 'ORG_PRINCIPAL_APPROVE', '科室车间负责人审批', '科室车间负责人审批（电子签名）', 'APPLICANT_ORG', 'ORG_PRINCIPAL', '科室车间负责人', 0, '2026-04-17 11:44:34', '2026-04-17 11:44:34');
INSERT INTO `approval_rule_step` VALUES (22, 7, 2, 'APPROVE', 0, NULL, 'HR_APPROVE', '劳动人事科科长审批', '劳动人事科科长审批（电子签名）', 'HR_ORG', 'HR_SECTION_CHIEF', '劳动人事科科长', 1, '2026-04-17 11:44:34', '2026-04-17 11:44:34');
INSERT INTO `approval_rule_step` VALUES (23, 7, 3, 'SELECT', 2, 'PARTY_AND_PRINCIPAL', 'SELECT_PARTY_PRINCIPAL', '选择党正领导', '科室车间负责人选择党正两位领导', 'APPLICANT_ORG', 'ORG_PRINCIPAL', '科室车间负责人', 0, '2026-04-17 11:44:34', '2026-04-17 11:44:34');
INSERT INTO `approval_rule_step` VALUES (24, 7, 4, 'APPROVE', 0, 'PARTY_AND_PRINCIPAL', 'SELECTED_LEADER_APPROVE_1', '党正领导审批一', '党正领导审批（电子签名）', 'SELECTED', 'UNIT_LEADER', '党正领导', 0, '2026-04-17 11:44:34', '2026-04-17 11:44:34');
INSERT INTO `approval_rule_step` VALUES (25, 7, 5, 'APPROVE', 0, 'PARTY_AND_PRINCIPAL', 'SELECTED_LEADER_APPROVE_2', '党正领导审批二', '党正领导审批（电子签名）', 'SELECTED', 'UNIT_LEADER', '党正领导', 1, '2026-04-17 11:44:34', '2026-04-17 11:44:34');
INSERT INTO `approval_rule_step` VALUES (26, 8, 1, 'APPROVE', 0, NULL, 'ORG_PRINCIPAL_APPROVE', '科室车间负责人审批', '科室车间负责人审批（电子签名）', 'APPLICANT_ORG', 'ORG_PRINCIPAL', '科室车间负责人', 0, '2026-04-17 11:44:34', '2026-04-17 11:44:34');
INSERT INTO `approval_rule_step` VALUES (27, 8, 2, 'APPROVE', 0, NULL, 'HR_APPROVE', '劳动人事科科长审批', '劳动人事科科长审批（电子签名）', 'HR_ORG', 'HR_SECTION_CHIEF', '劳动人事科科长', 1, '2026-04-17 11:44:34', '2026-04-17 11:44:34');
INSERT INTO `approval_rule_step` VALUES (28, 9, 1, 'APPROVE', 0, NULL, 'ORG_PRINCIPAL_APPROVE', '科室车间负责人审批', '科室车间负责人审批（电子签名）', 'APPLICANT_ORG', 'ORG_PRINCIPAL', '科室车间负责人', 0, '2026-04-17 11:44:34', '2026-04-17 11:44:34');
INSERT INTO `approval_rule_step` VALUES (29, 9, 2, 'APPROVE', 0, NULL, 'HR_APPROVE', '劳动人事科科长审批', '劳动人事科科长审批（电子签名）', 'HR_ORG', 'HR_SECTION_CHIEF', '劳动人事科科长', 1, '2026-04-17 11:44:34', '2026-04-17 11:44:34');
INSERT INTO `approval_rule_step` VALUES (30, 9, 3, 'SELECT', 2, 'PARTY_AND_PRINCIPAL', 'SELECT_PARTY_PRINCIPAL', '选择党正领导', '科室车间负责人选择党正两位领导', 'APPLICANT_ORG', 'ORG_PRINCIPAL', '科室车间负责人', 0, '2026-04-17 11:44:34', '2026-04-17 11:44:34');
INSERT INTO `approval_rule_step` VALUES (31, 9, 4, 'APPROVE', 0, 'PARTY_AND_PRINCIPAL', 'SELECTED_LEADER_APPROVE_1', '党正领导审批一', '党正领导审批（电子签名）', 'SELECTED', 'UNIT_LEADER', '党正领导', 0, '2026-04-17 11:44:34', '2026-04-17 11:44:34');
INSERT INTO `approval_rule_step` VALUES (32, 9, 5, 'APPROVE', 0, 'PARTY_AND_PRINCIPAL', 'SELECTED_LEADER_APPROVE_2', '党正领导审批二', '党正领导审批（电子签名）', 'SELECTED', 'UNIT_LEADER', '党正领导', 1, '2026-04-17 11:44:34', '2026-04-17 11:44:34');
INSERT INTO `approval_rule_step` VALUES (33, 10, 1, 'APPROVE', 0, NULL, 'ORG_PRINCIPAL_APPROVE', '科室车间负责人审批', '科室车间负责人审批（电子签名）', 'APPLICANT_ORG', 'ORG_PRINCIPAL', '科室车间负责人', 1, '2026-04-17 19:20:19', '2026-04-17 19:20:19');
INSERT INTO `approval_rule_step` VALUES (34, 11, 1, 'APPROVE', 0, NULL, 'ORG_PRINCIPAL_APPROVE', '科室车间负责人审批', '科室车间负责人审批（电子签名）', 'APPLICANT_ORG', 'ORG_PRINCIPAL', '科室车间负责人', 0, '2026-04-21 22:41:09', '2026-04-21 22:41:09');
INSERT INTO `approval_rule_step` VALUES (35, 11, 2, 'APPROVE', 0, NULL, 'HR_APPROVE', '劳动人事科科长审批', '劳动人事科科长审批（电子签名）', 'HR_ORG', 'HR_SECTION_CHIEF', '劳动人事科科长', 1, '2026-04-21 22:41:09', '2026-04-21 22:41:09');
INSERT INTO `approval_rule_step` VALUES (37, 12, 1, 'APPROVE', 0, NULL, 'ORG_PRINCIPAL_APPROVE', '科室车间负责人审批', '科室车间负责人审批（电子签名）', 'APPLICANT_ORG', 'ORG_PRINCIPAL', '科室车间负责人', 0, '2026-04-21 22:41:09', '2026-04-21 22:41:09');
INSERT INTO `approval_rule_step` VALUES (38, 12, 2, 'APPROVE', 0, NULL, 'HR_APPROVE', '劳动人事科科长审批', '劳动人事科科长审批（电子签名）', 'HR_ORG', 'HR_SECTION_CHIEF', '劳动人事科科长', 1, '2026-04-21 22:41:09', '2026-04-21 22:41:09');
INSERT INTO `approval_rule_step` VALUES (39, 12, 3, 'SELECT', 2, 'PARTY_AND_PRINCIPAL', 'SELECT_PARTY_PRINCIPAL', '选择党正领导', '科室车间负责人选择党正两位领导', 'APPLICANT_ORG', 'ORG_PRINCIPAL', '科室车间负责人', 0, '2026-04-21 22:41:09', '2026-04-21 22:41:09');
INSERT INTO `approval_rule_step` VALUES (40, 12, 4, 'APPROVE', 0, 'PARTY_AND_PRINCIPAL', 'SELECTED_LEADER_APPROVE_1', '党正领导审批一', '党正领导审批（电子签名）', 'SELECTED', 'UNIT_LEADER', '党正领导', 0, '2026-04-21 22:41:09', '2026-04-21 22:41:09');
INSERT INTO `approval_rule_step` VALUES (41, 12, 5, 'APPROVE', 0, 'PARTY_AND_PRINCIPAL', 'SELECTED_LEADER_APPROVE_2', '党正领导审批二', '党正领导审批（电子签名）', 'SELECTED', 'UNIT_LEADER', '党正领导', 1, '2026-04-21 22:41:09', '2026-04-21 22:41:09');

-- ----------------------------
-- Table structure for leave_approval
-- ----------------------------
DROP TABLE IF EXISTS `leave_approval`;
CREATE TABLE `leave_approval`  (
  `id` bigint NOT NULL AUTO_INCREMENT COMMENT '主键',
  `leave_request_id` bigint NOT NULL COMMENT '请假申请ID',
  `rule_step_id` bigint NOT NULL COMMENT '规则步骤ID',
  `step_no` int NOT NULL COMMENT '审批步骤',
  `action_type` varchar(20) CHARACTER SET utf8mb4 COLLATE utf8mb4_unicode_ci NOT NULL COMMENT '节点类型',
  `step_name` varchar(100) CHARACTER SET utf8mb4 COLLATE utf8mb4_unicode_ci NOT NULL COMMENT '步骤名称',
  `approver_role_code` varchar(50) CHARACTER SET utf8mb4 COLLATE utf8mb4_unicode_ci NOT NULL COMMENT '审批角色',
  `approver_user_id` bigint NULL DEFAULT NULL COMMENT '审批账号ID',
  `approval_status` varchar(20) CHARACTER SET utf8mb4 COLLATE utf8mb4_unicode_ci NOT NULL DEFAULT 'PENDING' COMMENT '审批状态',
  `approval_comment` varchar(1000) CHARACTER SET utf8mb4 COLLATE utf8mb4_unicode_ci NULL DEFAULT NULL COMMENT '审批意见',
  `signature_url` varchar(255) CHARACTER SET utf8mb4 COLLATE utf8mb4_unicode_ci NULL DEFAULT NULL COMMENT '电子签名地址',
  `approved_at` datetime NULL DEFAULT NULL COMMENT '审批时间',
  `created_at` datetime NOT NULL DEFAULT CURRENT_TIMESTAMP COMMENT '创建时间',
  `updated_at` datetime NOT NULL DEFAULT CURRENT_TIMESTAMP ON UPDATE CURRENT_TIMESTAMP COMMENT '更新时间',
  PRIMARY KEY (`id`) USING BTREE,
  INDEX `idx_leave_approval_leave_request_id`(`leave_request_id` ASC) USING BTREE,
  INDEX `idx_leave_approval_rule_step_id`(`rule_step_id` ASC) USING BTREE,
  INDEX `idx_leave_approval_approver_user_id`(`approver_user_id` ASC) USING BTREE,
  CONSTRAINT `fk_leave_approval_approver_user` FOREIGN KEY (`approver_user_id`) REFERENCES `user_account` (`id`) ON DELETE RESTRICT ON UPDATE RESTRICT,
  CONSTRAINT `fk_leave_approval_leave_request` FOREIGN KEY (`leave_request_id`) REFERENCES `leave_request` (`id`) ON DELETE RESTRICT ON UPDATE RESTRICT,
  CONSTRAINT `fk_leave_approval_rule_step` FOREIGN KEY (`rule_step_id`) REFERENCES `approval_rule_step` (`id`) ON DELETE RESTRICT ON UPDATE RESTRICT
) ENGINE = InnoDB AUTO_INCREMENT = 39 CHARACTER SET = utf8mb4 COLLATE = utf8mb4_unicode_ci COMMENT = '请假审批明细表' ROW_FORMAT = DYNAMIC;

-- ----------------------------
-- Records of leave_approval
-- ----------------------------
INSERT INTO `leave_approval` VALUES (1, 1, 1, 1, 'APPROVE', '科室车间负责人审批（电子签名）', 'ORG_PRINCIPAL', 19, 'APPROVED', '同意', '/files/approval-signatures/leave_1_step_1_74643716e451401e8a23e81f35c9450b.svg', '2026-04-21 13:09:06', '2026-04-17 12:44:33', '2026-04-21 13:09:05');
INSERT INTO `leave_approval` VALUES (2, 1, 2, 2, 'APPROVE', '劳动人事科科长审批（电子签名）', 'HR_SECTION_CHIEF', 7, 'APPROVED', '同意', '/files/approval-signatures/leave_1_step_2_a462feba907b4514a60b207afdfa7af4.png', '2026-04-21 13:16:58', '2026-04-17 12:44:33', '2026-04-21 13:16:58');
INSERT INTO `leave_approval` VALUES (3, 2, 1, 1, 'APPROVE', '科室车间负责人审批（电子签名）', 'ORG_PRINCIPAL', 19, 'CANCELLED', '考勤管理员撤销请假单', NULL, '2026-04-18 22:41:08', '2026-04-17 17:58:18', '2026-04-18 22:41:08');
INSERT INTO `leave_approval` VALUES (4, 2, 2, 2, 'APPROVE', '劳动人事科科长审批（电子签名）', 'HR_SECTION_CHIEF', 7, 'CANCELLED', '考勤管理员撤销请假单', NULL, '2026-04-18 22:41:08', '2026-04-17 17:58:18', '2026-04-18 22:41:08');
INSERT INTO `leave_approval` VALUES (5, 3, 1, 1, 'APPROVE', '科室车间负责人审批（电子签名）', 'ORG_PRINCIPAL', 19, 'APPROVED', '同意', 'http://192.168.1.10:8080/files/approval-signatures/leave_3_step_2_8fcadce2e487417099849b3a885a9d70.jpg', '2026-04-18 21:18:58', '2026-04-17 18:15:03', '2026-04-21 12:22:13');
INSERT INTO `leave_approval` VALUES (6, 3, 2, 2, 'APPROVE', '劳动人事科科长审批（电子签名）', 'HR_SECTION_CHIEF', 7, 'APPROVED', '同意', 'http://192.168.1.10:8080/files/approval-signatures/leave_3_step_2_8fcadce2e487417099849b3a885a9d70.jpg', '2026-04-18 21:47:46', '2026-04-17 18:15:03', '2026-04-18 21:47:46');
INSERT INTO `leave_approval` VALUES (7, 4, 1, 1, 'APPROVE', '科室车间负责人审批（电子签名）', 'ORG_PRINCIPAL', 19, 'APPROVING', '', '/files/approval-signatures/leave_4_step_1_28409c6394e84e00a8d78cec04997e3b.png', '2026-04-18 11:58:24', '2026-04-18 11:27:42', '2026-04-18 19:50:36');
INSERT INTO `leave_approval` VALUES (8, 4, 2, 2, 'APPROVE', '劳动人事科科长审批（电子签名）', 'HR_SECTION_CHIEF', 7, 'APPROVING', '', '', '2026-04-18 19:15:54', '2026-04-18 11:27:42', '2026-04-18 19:50:36');
INSERT INTO `leave_approval` VALUES (9, 5, 1, 1, 'APPROVE', '科室车间负责人审批（电子签名）', 'ORG_PRINCIPAL', 19, 'APPROVING', '', 'http://192.168.1.10:8080/files/approval-signatures/leave_5_step_1_903f2eeba7fe4c8bbf847bf92567c015.jpg', '2026-04-18 16:44:31', '2026-04-18 11:29:34', '2026-04-18 19:50:36');
INSERT INTO `leave_approval` VALUES (10, 5, 2, 2, 'APPROVE', '劳动人事科科长审批（电子签名）', 'HR_SECTION_CHIEF', 7, 'APPROVING', '', '', '2026-04-18 19:05:55', '2026-04-18 11:29:34', '2026-04-18 19:50:36');
INSERT INTO `leave_approval` VALUES (11, 6, 21, 1, 'APPROVE', '科室车间负责人审批（电子签名）', 'ORG_PRINCIPAL', 19, 'APPROVED', '同意', '/files/approval-signatures/leave_6_step_1_bd8b64ee0fe344b38e365f7885ed14e4.png', '2026-04-21 17:10:54', '2026-04-18 22:04:38', '2026-04-21 17:10:53');
INSERT INTO `leave_approval` VALUES (12, 6, 22, 2, 'APPROVE', '劳动人事科科长审批（电子签名）', 'HR_SECTION_CHIEF', 7, 'APPROVED', '同意', '/files/approval-signatures/leave_6_step_2_4ff9a0fb13de42729bdf71bbc15fb85d.png', '2026-04-21 17:11:19', '2026-04-18 22:04:38', '2026-04-21 17:11:19');
INSERT INTO `leave_approval` VALUES (13, 6, 23, 3, 'SELECT', '科室车间负责人选择党正两位领导', 'ORG_PRINCIPAL', 19, 'APPROVED', '速神', NULL, '2026-04-21 17:31:09', '2026-04-18 22:04:38', '2026-04-21 17:31:09');
INSERT INTO `leave_approval` VALUES (14, 6, 24, 4, 'APPROVE', '党正领导审批（电子签名）', 'UNIT_LEADER', 59, 'APPROVED', '同意', '/files/approval-signatures/leave_6_step_4_dd86af2d65c94827832be7ec02c22ed2.png', '2026-04-21 17:32:51', '2026-04-18 22:04:38', '2026-04-21 17:32:51');
INSERT INTO `leave_approval` VALUES (15, 6, 25, 5, 'APPROVE', '党正领导审批（电子签名）', 'UNIT_LEADER', 60, 'APPROVED', '同意', '/files/approval-signatures/leave_6_step_5_316ca91e14e74ecf83544e4f6ad9f5f8.png', '2026-04-21 17:33:18', '2026-04-18 22:04:38', '2026-04-21 17:33:17');
INSERT INTO `leave_approval` VALUES (16, 7, 1, 1, 'APPROVE', '科室车间负责人审批（电子签名）', 'ORG_PRINCIPAL', 27, 'APPROVED', '同意', '/files/approval-signatures/leave_7_step_1_784abf7e17764d4586376eaec86d45d8.png', '2026-04-20 10:18:18', '2026-04-20 10:17:01', '2026-04-20 10:18:17');
INSERT INTO `leave_approval` VALUES (17, 7, 2, 2, 'APPROVE', '劳动人事科科长审批（电子签名）', 'HR_SECTION_CHIEF', 7, 'APPROVED', '同意', '/files/approval-signatures/leave_7_step_2_ad1e0be5cd914d3481b118a1bcfd14e3.png', '2026-04-20 10:19:16', '2026-04-20 10:17:01', '2026-04-20 10:19:15');
INSERT INTO `leave_approval` VALUES (18, 8, 9, 1, 'APPROVE', '科室车间负责人审批（电子签名）', 'ORG_PRINCIPAL', 27, 'APPROVED', '同意', '/files/approval-signatures/leave_8_step_1_9819877b73054d85b3d2dbcd30dcb0db.png', '2026-04-21 16:47:37', '2026-04-21 16:46:41', '2026-04-21 16:47:37');
INSERT INTO `leave_approval` VALUES (19, 8, 10, 2, 'APPROVE', '劳动人事科科长审批（电子签名）', 'HR_SECTION_CHIEF', 7, 'APPROVED', '同意', '/files/approval-signatures/leave_8_step_2_e7966b5a3795425dbc358c91110d1122.png', '2026-04-21 17:01:55', '2026-04-21 16:46:41', '2026-04-21 17:01:54');
INSERT INTO `leave_approval` VALUES (20, 8, 11, 3, 'SELECT', '科室车间负责人选择单位领导', 'ORG_PRINCIPAL', 27, 'APPROVED', '请牛站长审批', NULL, '2026-04-21 17:03:40', '2026-04-21 16:46:41', '2026-04-21 17:03:40');
INSERT INTO `leave_approval` VALUES (21, 8, 12, 4, 'APPROVE', '单位领导审批（电子签名）', 'UNIT_LEADER', 59, 'APPROVED', '同意', '/files/approval-signatures/leave_8_step_4_96d119923ce84339896985c2008a2c6e.png', '2026-04-21 17:04:16', '2026-04-21 16:46:41', '2026-04-21 17:04:16');
INSERT INTO `leave_approval` VALUES (22, 9, 5, 1, 'APPROVE', '科室车间负责人审批（电子签名）', 'ORG_PRINCIPAL', 19, 'APPROVED', '同意', '/files/approval-signatures/leave_9_step_1_a0ccbaeb36434456bda2ea68d18dd7fa.png', '2026-04-21 17:37:29', '2026-04-21 17:36:22', '2026-04-21 17:37:28');
INSERT INTO `leave_approval` VALUES (23, 9, 6, 2, 'APPROVE', '劳动人事科科长审批（电子签名）', 'HR_SECTION_CHIEF', 7, 'APPROVED', '同意', '/files/approval-signatures/leave_9_step_2_6cfa165182c84d25b8a00fb6c91736ef.png', '2026-04-21 17:37:41', '2026-04-21 17:36:22', '2026-04-21 17:37:41');
INSERT INTO `leave_approval` VALUES (24, 9, 7, 3, 'SELECT', '科室车间负责人选择主管领导', 'ORG_PRINCIPAL', 19, 'APPROVED', '主管站长1', NULL, '2026-04-21 17:37:58', '2026-04-21 17:36:22', '2026-04-21 17:37:58');
INSERT INTO `leave_approval` VALUES (25, 9, 8, 4, 'APPROVE', '主管领导审批（电子签名）', 'UNIT_LEADER', 58, 'APPROVED', '同意', '/files/approval-signatures/leave_9_step_4_0100120ebc3f4cc1b37383806846a86b.png', '2026-04-21 17:42:11', '2026-04-21 17:36:22', '2026-04-21 17:42:11');
INSERT INTO `leave_approval` VALUES (26, 10, 17, 1, 'APPROVE', '科室车间负责人审批（电子签名）', 'ORG_PRINCIPAL', 19, 'APPROVED', '同意', '/files/approval-signatures/leave_10_step_1_72d49535192c44d6a8ce3394132114a7.png', '2026-04-21 17:43:07', '2026-04-21 17:42:03', '2026-04-21 17:43:07');
INSERT INTO `leave_approval` VALUES (27, 10, 18, 2, 'APPROVE', '劳动人事科科长审批（电子签名）', 'HR_SECTION_CHIEF', 7, 'APPROVED', '同意', '/files/approval-signatures/leave_10_step_2_cb924e71acf642718ec9a20ba9d6196c.png', '2026-04-21 17:43:31', '2026-04-21 17:42:03', '2026-04-21 17:43:30');
INSERT INTO `leave_approval` VALUES (28, 10, 19, 3, 'SELECT', '科室车间负责人选择单位领导', 'ORG_PRINCIPAL', 19, 'APPROVED', '扭计', NULL, '2026-04-21 17:43:45', '2026-04-21 17:42:03', '2026-04-21 17:43:44');
INSERT INTO `leave_approval` VALUES (29, 10, 20, 4, 'APPROVE', '单位领导审批（电子签名）', 'STATIONMASTER', 59, 'APPROVED', '同意', '/files/approval-signatures/leave_10_step_4_8e3a29fcb5f94ddca77b9058b34344c8.png', '2026-04-21 18:07:42', '2026-04-21 17:42:03', '2026-04-21 18:07:41');
INSERT INTO `leave_approval` VALUES (30, 11, 26, 1, 'APPROVE', '科室车间负责人审批（电子签名）', 'ORG_PRINCIPAL', 19, 'APPROVED', '同意', '/files/approval-signatures/leave_11_step_1_4145efca9d0b48a58f7e823c8a2bd0eb.png', '2026-04-21 22:02:24', '2026-04-21 22:02:01', '2026-04-21 22:02:24');
INSERT INTO `leave_approval` VALUES (31, 11, 27, 2, 'APPROVE', '劳动人事科科长审批（电子签名）', 'HR_SECTION_CHIEF', 7, 'APPROVED', '同意', '/files/approval-signatures/leave_11_step_2_cfc0631ad01f44aeba65f1703c3af8f5.png', '2026-04-21 22:03:14', '2026-04-21 22:02:01', '2026-04-21 22:03:14');
INSERT INTO `leave_approval` VALUES (32, 12, 26, 1, 'APPROVE', '科室车间负责人审批（电子签名）', 'ORG_PRINCIPAL', 19, 'PENDING', NULL, NULL, NULL, '2026-04-21 22:45:38', '2026-04-21 22:45:38');
INSERT INTO `leave_approval` VALUES (33, 12, 27, 2, 'APPROVE', '劳动人事科科长审批（电子签名）', 'HR_SECTION_CHIEF', 7, 'PENDING', NULL, NULL, NULL, '2026-04-21 22:45:38', '2026-04-21 22:45:38');
INSERT INTO `leave_approval` VALUES (34, 13, 28, 1, 'APPROVE', '科室车间负责人审批（电子签名）', 'ORG_PRINCIPAL', 19, 'APPROVED', '同意', '/files/approval-signatures/leave_13_step_1_f4a9d615ec4d44098089022cd24ed0f8.png', '2026-04-22 16:08:04', '2026-04-22 16:03:48', '2026-04-22 17:12:34');
INSERT INTO `leave_approval` VALUES (35, 13, 29, 2, 'APPROVE', '劳动人事科科长审批（电子签名）', 'HR_SECTION_CHIEF', 7, 'APPROVED', '同意', '/files/approval-signatures/leave_13_step_2_707e0797b9234bc882798646aadffedd.png', '2026-04-22 16:09:46', '2026-04-22 16:03:48', '2026-04-22 17:12:44');
INSERT INTO `leave_approval` VALUES (36, 13, 30, 3, 'SELECT', '科室车间负责人选择党正两位领导', 'ORG_PRINCIPAL', 19, 'APPROVED', '1', NULL, '2026-04-22 16:10:00', '2026-04-22 16:03:48', '2026-04-22 16:10:00');
INSERT INTO `leave_approval` VALUES (37, 13, 31, 4, 'APPROVE', '党正领导审批（电子签名）', 'UNIT_LEADER', 59, 'APPROVED', '同意', '/files/approval-signatures/leave_13_step_4_40ce72110cfa4b4eab4856a009248d92.png', '2026-04-22 16:21:12', '2026-04-22 16:03:48', '2026-04-22 17:14:48');
INSERT INTO `leave_approval` VALUES (38, 13, 32, 5, 'APPROVE', '党正领导审批（电子签名）', 'UNIT_LEADER', 60, 'APPROVED', '同意', '/files/approval-signatures/leave_13_step_5_4c067be482924b0b84681ecadfc65463.png', '2026-04-22 16:21:34', '2026-04-22 16:03:48', '2026-04-22 17:13:00');

-- ----------------------------
-- Table structure for leave_request
-- ----------------------------
DROP TABLE IF EXISTS `leave_request`;
CREATE TABLE `leave_request`  (
  `id` bigint NOT NULL AUTO_INCREMENT COMMENT '主键',
  `request_no` varchar(50) CHARACTER SET utf8mb4 COLLATE utf8mb4_unicode_ci NOT NULL COMMENT '请假单号',
  `applicant_id` bigint NOT NULL COMMENT '申请人账号ID',
  `org_unit_id` bigint NOT NULL COMMENT '申请时所属组织ID',
  `leave_type_id` bigint NOT NULL COMMENT '假别ID',
  `approval_rule_id` bigint NOT NULL COMMENT '匹配规则ID',
  `applicant_name_snapshot` varchar(50) CHARACTER SET utf8mb4 COLLATE utf8mb4_unicode_ci NOT NULL COMMENT '申请人姓名快照',
  `applicant_type` varchar(30) CHARACTER SET utf8mb4 COLLATE utf8mb4_unicode_ci NOT NULL COMMENT '申请人类型快照',
  `position_level_code` varchar(30) CHARACTER SET utf8mb4 COLLATE utf8mb4_unicode_ci NOT NULL COMMENT '岗位级别快照',
  `job_title_snapshot` varchar(100) CHARACTER SET utf8mb4 COLLATE utf8mb4_unicode_ci NULL DEFAULT NULL COMMENT '职务快照',
  `team_leader_snapshot` varchar(100) CHARACTER SET utf8mb4 COLLATE utf8mb4_unicode_ci NULL DEFAULT NULL COMMENT '班组长信息快照',
  `start_date` date NOT NULL COMMENT '开始日期',
  `end_date` date NOT NULL COMMENT '结束日期',
  `start_time` datetime NULL DEFAULT NULL COMMENT '开始时间',
  `end_time` datetime NULL DEFAULT NULL COMMENT '结束时间',
  `leave_days` decimal(8, 2) NOT NULL COMMENT '请假天数',
  `allowed_days` decimal(8, 2) NULL DEFAULT NULL COMMENT '制度允许天数',
  `exceeds_one_month` tinyint NOT NULL DEFAULT 0 COMMENT '是否超过一个月',
  `reason` varchar(1000) CHARACTER SET utf8mb4 COLLATE utf8mb4_unicode_ci NULL DEFAULT NULL COMMENT '请假理由',
  `remark` varchar(500) CHARACTER SET utf8mb4 COLLATE utf8mb4_unicode_ci NULL DEFAULT NULL COMMENT '备注',
  `status` varchar(30) CHARACTER SET utf8mb4 COLLATE utf8mb4_unicode_ci NOT NULL DEFAULT 'DRAFT' COMMENT '状态',
  `current_step` int NOT NULL DEFAULT 0 COMMENT '当前审批步骤',
  `current_action_type` varchar(20) CHARACTER SET utf8mb4 COLLATE utf8mb4_unicode_ci NULL DEFAULT NULL COMMENT '当前节点类型',
  `submitted_by` bigint NULL DEFAULT NULL COMMENT '提报人账号ID',
  `submitted_at` datetime NULL DEFAULT NULL COMMENT '提交时间',
  `final_approved_at` datetime NULL DEFAULT NULL COMMENT '最终通过时间',
  `created_by` bigint NULL DEFAULT NULL COMMENT '创建人账号ID',
  `created_at` datetime NOT NULL DEFAULT CURRENT_TIMESTAMP COMMENT '创建时间',
  `updated_at` datetime NOT NULL DEFAULT CURRENT_TIMESTAMP ON UPDATE CURRENT_TIMESTAMP COMMENT '更新时间',
  PRIMARY KEY (`id`) USING BTREE,
  UNIQUE INDEX `uk_leave_request_request_no`(`request_no` ASC) USING BTREE,
  INDEX `idx_leave_request_applicant_id`(`applicant_id` ASC) USING BTREE,
  INDEX `idx_leave_request_org_unit_id`(`org_unit_id` ASC) USING BTREE,
  INDEX `idx_leave_request_leave_type_id`(`leave_type_id` ASC) USING BTREE,
  INDEX `idx_leave_request_rule_id`(`approval_rule_id` ASC) USING BTREE,
  INDEX `idx_leave_request_status`(`status` ASC) USING BTREE,
  INDEX `fk_leave_request_submitted_by`(`submitted_by` ASC) USING BTREE,
  INDEX `fk_leave_request_created_by`(`created_by` ASC) USING BTREE,
  CONSTRAINT `fk_leave_request_applicant` FOREIGN KEY (`applicant_id`) REFERENCES `user_account` (`id`) ON DELETE RESTRICT ON UPDATE RESTRICT,
  CONSTRAINT `fk_leave_request_approval_rule` FOREIGN KEY (`approval_rule_id`) REFERENCES `approval_rule` (`id`) ON DELETE RESTRICT ON UPDATE RESTRICT,
  CONSTRAINT `fk_leave_request_created_by` FOREIGN KEY (`created_by`) REFERENCES `user_account` (`id`) ON DELETE RESTRICT ON UPDATE RESTRICT,
  CONSTRAINT `fk_leave_request_leave_type` FOREIGN KEY (`leave_type_id`) REFERENCES `leave_type` (`id`) ON DELETE RESTRICT ON UPDATE RESTRICT,
  CONSTRAINT `fk_leave_request_org_unit` FOREIGN KEY (`org_unit_id`) REFERENCES `org_unit` (`id`) ON DELETE RESTRICT ON UPDATE RESTRICT,
  CONSTRAINT `fk_leave_request_submitted_by` FOREIGN KEY (`submitted_by`) REFERENCES `user_account` (`id`) ON DELETE RESTRICT ON UPDATE RESTRICT
) ENGINE = InnoDB AUTO_INCREMENT = 14 CHARACTER SET = utf8mb4 COLLATE = utf8mb4_unicode_ci COMMENT = '请假申请主表' ROW_FORMAT = DYNAMIC;

-- ----------------------------
-- Records of leave_request
-- ----------------------------
INSERT INTO `leave_request` VALUES (1, 'LR2026041712443317D103', 18, 10, 2, 1, '牛牛', 'EMPLOYEE', 'STAFF', '员工', '牛牛的班长', '2026-04-17', '2026-04-18', '2026-04-17 18:11:26', '2026-04-18 12:58:29', 1.00, NULL, 0, '我生病了', '无', 'APPROVED', 99, NULL, 18, '2026-04-17 12:44:33', '2026-04-21 13:16:58', 18, '2026-04-17 12:44:33', '2026-04-21 13:16:58');
INSERT INTO `leave_request` VALUES (2, 'LR2026041717581875FEED', 18, 10, 2, 1, '噜噜', 'EMPLOYEE', 'STAFF', '员工', '牛牛', '2026-04-17', '2026-04-19', '2026-04-17 04:05:00', '2026-04-19 05:07:00', 2.00, NULL, 0, '年假', NULL, 'CANCELLED', 1, NULL, 18, '2026-04-17 17:58:18', NULL, 18, '2026-04-17 17:58:18', '2026-04-18 22:41:08');
INSERT INTO `leave_request` VALUES (3, 'LR2026041718150300DDEC', 18, 10, 6, 1, '噜噜123', 'EMPLOYEE', 'STAFF', '员工', '牛牛123', '2026-04-17', '2026-04-19', '2026-04-17 04:03:00', '2026-04-19 06:07:00', 2.00, 158.00, 0, NULL, NULL, 'APPROVED', 99, NULL, 18, '2026-04-17 18:15:03', '2026-04-18 21:47:46', 18, '2026-04-17 18:15:03', '2026-04-18 21:47:46');
INSERT INTO `leave_request` VALUES (4, 'LR20260418112742B6152D', 18, 10, 2, 1, '噜噜测试', 'EMPLOYEE', 'STAFF', '员工', '牛牛测试', '2026-04-18', '2026-04-20', '2026-04-18 08:08:00', '2026-04-20 05:07:00', 2.00, NULL, 0, '年假', NULL, 'REJECTED', 2, 'APPROVE', 18, '2026-04-18 11:27:42', NULL, 18, '2026-04-18 11:27:42', '2026-04-18 19:15:53');
INSERT INTO `leave_request` VALUES (5, 'LR202604181129341BA275', 18, 10, 2, 1, '牛噜', 'EMPLOYEE', 'STAFF', '小组长', '牛牛噜噜', '1979-07-11', '1977-07-13', '1979-07-11 19:20:29', '1977-07-13 10:36:47', 2.00, NULL, 0, '我要休息', '我累了', 'REJECTED', 2, 'APPROVE', 18, '2026-04-18 11:29:35', NULL, 18, '2026-04-18 11:29:34', '2026-04-18 19:05:55');
INSERT INTO `leave_request` VALUES (6, 'LR20260418220438A906F2', 18, 10, 4, 7, '奶龙', 'EMPLOYEE', 'STAFF', '员工', '奶牛', '2026-04-18', '2026-05-29', '2026-04-18 00:00:00', '2026-05-29 00:00:00', 41.00, 21.75, 1, '奶龙有事', NULL, 'APPROVED', 99, NULL, 18, '2026-04-18 22:04:38', '2026-04-21 17:33:18', 18, '2026-04-18 22:04:38', '2026-04-21 17:33:17');
INSERT INTO `leave_request` VALUES (7, 'LR202604201017013C2ED7', 26, 14, 2, 1, '奶牛', 'EMPLOYEE', 'STAFF', '小队长', '奶牛的班组长', '2026-04-25', '2026-04-26', '2026-04-25 08:48:08', '2026-04-26 19:55:02', 1.00, NULL, 0, '奶牛有事', '尽快通过', 'APPROVED', 99, NULL, 26, '2026-04-20 10:17:02', '2026-04-20 10:19:16', 26, '2026-04-20 10:17:01', '2026-04-20 12:16:20');
INSERT INTO `leave_request` VALUES (8, 'LR20260421164641D7668D', 26, 14, 3, 4, '无鲁', 'EMPLOYEE', 'STAFF', '员工', '有鲁', '2026-04-21', '2026-06-01', '2026-04-21 00:00:00', '2026-06-01 00:00:00', 41.00, 21.75, 1, '骨折', NULL, 'APPROVED', 99, NULL, 26, '2026-04-21 16:46:41', '2026-04-21 17:04:16', 26, '2026-04-21 16:46:41', '2026-04-21 17:04:16');
INSERT INTO `leave_request` VALUES (9, 'LR20260421173622DA4E5E', 18, 10, 3, 3, '无鲁1', 'EMPLOYEE', 'STAFF', '员工', '有鲁1', '2026-04-21', '2026-05-11', '2026-04-21 00:00:00', '2026-05-11 00:00:00', 20.00, 21.75, 0, '病了', NULL, 'APPROVED', 99, NULL, 18, '2026-04-21 17:36:22', '2026-04-21 17:42:11', 18, '2026-04-21 17:36:22', '2026-04-21 17:42:11');
INSERT INTO `leave_request` VALUES (10, 'LR20260421174203D66C01', 18, 10, 4, 6, '牛鸡', 'EMPLOYEE', 'STAFF', '主管集团工程师', 'niuji的班组长', '1987-10-30', '1988-05-13', '1987-10-30 01:06:59', '1988-05-13 23:28:55', 20.00, 21.75, 0, 'consectetur irure', 'ex elit in eu', 'APPROVED', 99, NULL, 18, '2026-04-21 17:42:04', '2026-04-21 18:07:42', 18, '2026-04-21 17:42:03', '2026-04-21 18:07:41');
INSERT INTO `leave_request` VALUES (11, 'LR202604212202013900C7', 18, 10, 3, 8, '噜鸡', 'GENERAL_CADRE', 'GENERAL_CADRE', '11', '111', '2026-04-22', '2026-05-20', '2026-04-22 02:02:00', '2026-05-20 00:00:00', 28.00, 21.75, 0, '111', NULL, 'APPROVED', 99, NULL, 18, '2026-04-21 22:02:02', '2026-04-21 22:03:14', 18, '2026-04-21 22:02:01', '2026-04-21 22:03:14');
INSERT INTO `leave_request` VALUES (12, 'LR20260421224538AD9F3A', 18, 10, 3, 8, '运转一车间主任', 'GENERAL_CADRE', 'GENERAL_CADRE', '1', '1', '2026-04-21', '2026-05-30', '2026-04-21 00:00:00', '2026-05-30 00:00:00', 39.00, 21.75, 1, '1', NULL, 'PENDING', 1, 'APPROVE', 18, '2026-04-21 22:45:38', NULL, 18, '2026-04-21 22:45:38', '2026-04-21 22:45:38');
INSERT INTO `leave_request` VALUES (13, 'LR202604221603489997C4', 19, 10, 4, 9, '运转一车间主任', 'SECTION_LEVEL_CADRE', 'SECTION_LEVEL', '1', '1', '2026-04-22', '2026-05-29', '2026-04-22 01:00:00', '2026-05-29 00:00:00', 37.00, 21.75, 1, '1', NULL, 'APPROVED', 99, NULL, 18, '2026-04-22 16:03:48', '2026-04-22 16:21:34', 18, '2026-04-22 16:03:48', '2026-04-22 16:21:33');

-- ----------------------------
-- Table structure for leave_sign_requirement
-- ----------------------------
DROP TABLE IF EXISTS `leave_sign_requirement`;
CREATE TABLE `leave_sign_requirement`  (
  `id` bigint NOT NULL AUTO_INCREMENT COMMENT '主键',
  `role_code` varchar(50) CHARACTER SET utf8mb4 COLLATE utf8mb4_unicode_ci NOT NULL COMMENT '角色编码',
  `leave_type_id` bigint NOT NULL COMMENT '假别ID',
  `sign_required` tinyint NOT NULL DEFAULT 1 COMMENT '是否需要签字',
  `is_enabled` tinyint NOT NULL DEFAULT 1 COMMENT '是否启用',
  `created_at` datetime NOT NULL DEFAULT CURRENT_TIMESTAMP COMMENT '创建时间',
  `updated_at` datetime NOT NULL DEFAULT CURRENT_TIMESTAMP ON UPDATE CURRENT_TIMESTAMP COMMENT '更新时间',
  PRIMARY KEY (`id`) USING BTREE,
  INDEX `idx_leave_sign_requirement_leave_type_id`(`leave_type_id` ASC) USING BTREE,
  CONSTRAINT `fk_leave_sign_requirement_leave_type` FOREIGN KEY (`leave_type_id`) REFERENCES `leave_type` (`id`) ON DELETE RESTRICT ON UPDATE RESTRICT
) ENGINE = InnoDB AUTO_INCREMENT = 4 CHARACTER SET = utf8mb4 COLLATE = utf8mb4_unicode_ci COMMENT = '按角色和假别控制是否必须签字' ROW_FORMAT = DYNAMIC;

-- ----------------------------
-- Records of leave_sign_requirement
-- ----------------------------
INSERT INTO `leave_sign_requirement` VALUES (1, 'HR_SECTION_CHIEF', 2, 0, 1, '2026-04-17 11:44:34', '2026-04-17 11:44:34');
INSERT INTO `leave_sign_requirement` VALUES (2, 'HR_SECTION_CHIEF', 3, 0, 1, '2026-04-17 11:44:34', '2026-04-17 11:44:34');
INSERT INTO `leave_sign_requirement` VALUES (3, 'HR_SECTION_CHIEF', 4, 0, 1, '2026-04-17 11:44:34', '2026-04-17 11:44:34');

-- ----------------------------
-- Table structure for leave_type
-- ----------------------------
DROP TABLE IF EXISTS `leave_type`;
CREATE TABLE `leave_type`  (
  `id` bigint NOT NULL AUTO_INCREMENT COMMENT '主键',
  `leave_code` varchar(20) CHARACTER SET utf8mb4 COLLATE utf8mb4_unicode_ci NOT NULL COMMENT '假别代字',
  `leave_name` varchar(50) CHARACTER SET utf8mb4 COLLATE utf8mb4_unicode_ci NOT NULL COMMENT '假别名称',
  `default_days` decimal(8, 2) NULL DEFAULT NULL COMMENT '默认天数',
  `day_unit` varchar(20) CHARACTER SET utf8mb4 COLLATE utf8mb4_unicode_ci NULL DEFAULT NULL COMMENT '计量单位',
  `calc_rule` varchar(50) CHARACTER SET utf8mb4 COLLATE utf8mb4_unicode_ci NULL DEFAULT NULL COMMENT '计算规则',
  `description` varchar(1000) CHARACTER SET utf8mb4 COLLATE utf8mb4_unicode_ci NULL DEFAULT NULL COMMENT '说明',
  `is_enabled` tinyint NOT NULL DEFAULT 1 COMMENT '是否启用',
  `created_at` datetime NOT NULL DEFAULT CURRENT_TIMESTAMP COMMENT '创建时间',
  `updated_at` datetime NOT NULL DEFAULT CURRENT_TIMESTAMP ON UPDATE CURRENT_TIMESTAMP COMMENT '更新时间',
  PRIMARY KEY (`id`) USING BTREE,
  UNIQUE INDEX `uk_leave_code`(`leave_code` ASC) USING BTREE
) ENGINE = InnoDB AUTO_INCREMENT = 17 CHARACTER SET = utf8mb4 COLLATE = utf8mb4_unicode_ci COMMENT = '假别字典表' ROW_FORMAT = DYNAMIC;

-- ----------------------------
-- Records of leave_type
-- ----------------------------
INSERT INTO `leave_type` VALUES (1, '伤', '工伤假', 21.75, 'DAY', 'MANUAL', '全月按21.75天，非全月按日勤制天数计算', 1, '2026-04-17 11:44:34', '2026-04-17 11:44:34');
INSERT INTO `leave_type` VALUES (2, '年', '年休假', NULL, 'DAY', 'WORKDAY', '按制度执行', 1, '2026-04-17 11:44:34', '2026-04-17 11:44:34');
INSERT INTO `leave_type` VALUES (3, '病', '病假', 21.75, 'DAY', 'SHIFT_CONVERT', '日勤制按工作日，轮班制按班数折算', 1, '2026-04-17 11:44:34', '2026-04-17 11:44:34');
INSERT INTO `leave_type` VALUES (4, '事', '事假', 21.75, 'DAY', 'SHIFT_CONVERT', '日勤制按工作日，轮班制按班数折算', 1, '2026-04-17 11:44:34', '2026-04-17 11:44:34');
INSERT INTO `leave_type` VALUES (5, '婚', '婚假', 10.00, 'DAY', 'WORKDAY', '按制度执行', 1, '2026-04-17 11:44:34', '2026-04-17 11:44:34');
INSERT INTO `leave_type` VALUES (6, '产', '产假', 158.00, 'DAY', 'NATURAL_DAY', '按制度执行', 1, '2026-04-17 11:44:34', '2026-04-17 11:44:34');
INSERT INTO `leave_type` VALUES (7, '陪', '陪产假', 15.00, 'DAY', 'NATURAL_DAY', '按制度执行', 1, '2026-04-17 11:44:34', '2026-04-17 11:44:34');
INSERT INTO `leave_type` VALUES (8, '育', '育儿假', 10.00, 'DAY', 'WORKDAY', '按制度执行', 1, '2026-04-17 11:44:34', '2026-04-17 11:44:34');
INSERT INTO `leave_type` VALUES (9, '护', '护理假', 20.00, 'DAY', 'NATURAL_DAY', '按制度执行', 1, '2026-04-17 11:44:34', '2026-04-17 11:44:34');
INSERT INTO `leave_type` VALUES (10, '保', '保育假', 6.00, 'MONTH', 'MANUAL', '按制度执行', 1, '2026-04-17 11:44:34', '2026-04-17 11:44:34');
INSERT INTO `leave_type` VALUES (11, '乳', '哺乳时间', NULL, 'HOUR', 'MANUAL', '按制度执行', 1, '2026-04-17 11:44:34', '2026-04-17 11:44:34');
INSERT INTO `leave_type` VALUES (12, '计', '计划生育假', NULL, 'DAY', 'MANUAL', '按制度执行', 1, '2026-04-17 11:44:34', '2026-04-17 11:44:34');
INSERT INTO `leave_type` VALUES (13, '丧', '丧假', 3.00, 'DAY', 'WORKDAY', '按制度执行', 1, '2026-04-17 11:44:34', '2026-04-17 11:44:34');
INSERT INTO `leave_type` VALUES (14, '搬', '搬家假', 3.00, 'DAY', 'WORKDAY', '按制度执行', 1, '2026-04-17 11:44:34', '2026-04-17 11:44:34');
INSERT INTO `leave_type` VALUES (15, '探', '探亲假', NULL, 'DAY', 'NATURAL_DAY', '按制度执行', 1, '2026-04-17 11:44:34', '2026-04-17 11:44:34');
INSERT INTO `leave_type` VALUES (16, '旷', '旷工', NULL, 'DAY', 'WORKDAY', '按制度执行', 1, '2026-04-17 11:44:34', '2026-04-17 11:44:34');

-- ----------------------------
-- Table structure for org_unit
-- ----------------------------
DROP TABLE IF EXISTS `org_unit`;
CREATE TABLE `org_unit`  (
  `id` bigint NOT NULL AUTO_INCREMENT COMMENT '主键',
  `org_code` varchar(50) CHARACTER SET utf8mb4 COLLATE utf8mb4_unicode_ci NOT NULL COMMENT '组织编码',
  `org_name` varchar(100) CHARACTER SET utf8mb4 COLLATE utf8mb4_unicode_ci NOT NULL COMMENT '组织名称',
  `org_type` varchar(20) CHARACTER SET utf8mb4 COLLATE utf8mb4_unicode_ci NOT NULL COMMENT '组织类型: DEPARTMENT/WORKSHOP',
  `sort_no` int NOT NULL DEFAULT 0 COMMENT '排序号',
  `is_enabled` tinyint NOT NULL DEFAULT 1 COMMENT '是否启用',
  `created_at` datetime NOT NULL DEFAULT CURRENT_TIMESTAMP COMMENT '创建时间',
  `updated_at` datetime NOT NULL DEFAULT CURRENT_TIMESTAMP ON UPDATE CURRENT_TIMESTAMP COMMENT '更新时间',
  PRIMARY KEY (`id`) USING BTREE,
  UNIQUE INDEX `uk_org_code`(`org_code` ASC) USING BTREE
) ENGINE = InnoDB AUTO_INCREMENT = 132 CHARACTER SET = utf8mb4 COLLATE = utf8mb4_unicode_ci COMMENT = '组织表' ROW_FORMAT = DYNAMIC;

-- ----------------------------
-- Records of org_unit
-- ----------------------------
INSERT INTO `org_unit` VALUES (1, 'D01', '领导人员', 'DEPARTMENT', 1, 1, '2026-04-17 23:26:25', '2026-04-19 10:55:57');
INSERT INTO `org_unit` VALUES (2, 'D02', '办公室（党委办公室）', 'DEPARTMENT', 2, 1, '2026-04-17 11:44:34', '2026-04-17 23:33:07');
INSERT INTO `org_unit` VALUES (3, 'D03', '党群工作科（融媒体工作室）', 'DEPARTMENT', 3, 1, '2026-04-17 11:44:34', '2026-04-17 23:33:07');
INSERT INTO `org_unit` VALUES (4, 'D04', '劳动人事科（党委组织科）', 'DEPARTMENT', 4, 1, '2026-04-17 11:44:34', '2026-04-17 23:33:07');
INSERT INTO `org_unit` VALUES (5, 'D05', '财务收入科', 'DEPARTMENT', 5, 1, '2026-04-17 11:44:34', '2026-04-17 23:33:07');
INSERT INTO `org_unit` VALUES (6, 'D06', '职工培训科', 'DEPARTMENT', 6, 1, '2026-04-17 11:44:34', '2026-04-17 23:33:07');
INSERT INTO `org_unit` VALUES (7, 'D07', '运输业务科', 'DEPARTMENT', 7, 1, '2026-04-17 11:44:34', '2026-04-17 23:33:07');
INSERT INTO `org_unit` VALUES (8, 'D08', '技术科', 'DEPARTMENT', 8, 1, '2026-04-17 11:44:34', '2026-04-17 23:33:07');
INSERT INTO `org_unit` VALUES (9, 'D09', '安全科（武装保卫科）', 'DEPARTMENT', 9, 1, '2026-04-17 11:44:34', '2026-04-17 23:33:07');
INSERT INTO `org_unit` VALUES (10, 'W01', '运转一车间', 'WORKSHOP', 10, 1, '2026-04-17 11:44:34', '2026-04-17 23:33:07');
INSERT INTO `org_unit` VALUES (11, 'W02', '运转二车间', 'WORKSHOP', 11, 1, '2026-04-17 11:44:34', '2026-04-17 23:33:07');
INSERT INTO `org_unit` VALUES (12, 'W03', '运转三车间', 'WORKSHOP', 12, 1, '2026-04-17 11:44:34', '2026-04-17 23:33:07');
INSERT INTO `org_unit` VALUES (13, 'W04', '运转四车间', 'WORKSHOP', 13, 1, '2026-04-17 11:44:34', '2026-04-17 23:33:07');
INSERT INTO `org_unit` VALUES (14, 'W05', '调度车间', 'WORKSHOP', 14, 1, '2026-04-17 11:44:34', '2026-04-17 23:33:07');
INSERT INTO `org_unit` VALUES (15, 'W06', '货检车间', 'WORKSHOP', 15, 1, '2026-04-17 11:44:34', '2026-04-17 23:33:07');
INSERT INTO `org_unit` VALUES (16, 'W07', '设备检修车间', 'WORKSHOP', 16, 1, '2026-04-17 11:44:34', '2026-04-17 23:33:07');
INSERT INTO `org_unit` VALUES (17, 'W08', '塘沽运转车间', 'WORKSHOP', 17, 1, '2026-04-17 11:44:34', '2026-04-17 23:33:07');
INSERT INTO `org_unit` VALUES (18, 'W09', '新港编组场车间', 'WORKSHOP', 18, 1, '2026-04-17 11:44:34', '2026-04-17 23:33:07');
INSERT INTO `org_unit` VALUES (19, 'W10', '新港一区运转车间', 'WORKSHOP', 19, 1, '2026-04-17 11:44:34', '2026-04-17 23:33:07');
INSERT INTO `org_unit` VALUES (20, 'W11', '新港二区运转车间', 'WORKSHOP', 20, 1, '2026-04-17 11:44:34', '2026-04-17 23:33:07');
INSERT INTO `org_unit` VALUES (21, 'W12', '塘沽调度车间', 'WORKSHOP', 21, 1, '2026-04-17 11:44:34', '2026-04-17 23:33:07');
INSERT INTO `org_unit` VALUES (22, 'W13', '塘沽客运车间', 'WORKSHOP', 22, 1, '2026-04-17 11:44:34', '2026-04-17 23:33:07');
INSERT INTO `org_unit` VALUES (23, 'W14', '信息化车间', 'WORKSHOP', 23, 1, '2026-04-17 11:44:34', '2026-04-17 23:33:07');
INSERT INTO `org_unit` VALUES (24, 'W15', '安全生产指挥中心', 'WORKSHOP', 24, 1, '2026-04-17 11:44:34', '2026-04-17 23:33:07');
INSERT INTO `org_unit` VALUES (25, 'W16', '经营开发部', 'WORKSHOP', 25, 1, '2026-04-17 11:44:34', '2026-04-17 23:33:07');
INSERT INTO `org_unit` VALUES (26, 'W17', '车务设备维修站', 'WORKSHOP', 26, 1, '2026-04-17 11:44:34', '2026-04-17 23:33:07');
INSERT INTO `org_unit` VALUES (27, 'W18', '张贵庄站', 'WORKSHOP', 27, 1, '2026-04-17 11:44:34', '2026-04-17 23:33:07');
INSERT INTO `org_unit` VALUES (28, 'W19', '军粮城站', 'WORKSHOP', 28, 1, '2026-04-17 11:44:34', '2026-04-17 23:33:07');
INSERT INTO `org_unit` VALUES (29, 'W20', '北塘站', 'WORKSHOP', 29, 1, '2026-04-17 11:44:34', '2026-04-17 23:33:07');
INSERT INTO `org_unit` VALUES (30, 'D10', '牛噜', 'DEPARTMENT', 30, 1, '2026-04-19 10:56:54', '2026-04-19 11:10:41');

-- ----------------------------
-- Table structure for user_account
-- ----------------------------
DROP TABLE IF EXISTS `user_account`;
CREATE TABLE `user_account`  (
  `id` bigint NOT NULL AUTO_INCREMENT COMMENT '主键',
  `username` varchar(50) CHARACTER SET utf8mb4 COLLATE utf8mb4_unicode_ci NOT NULL COMMENT '登录账号',
  `password_hash` varchar(255) CHARACTER SET utf8mb4 COLLATE utf8mb4_unicode_ci NOT NULL COMMENT '密码哈希',
  `role_code` varchar(50) CHARACTER SET utf8mb4 COLLATE utf8mb4_unicode_ci NOT NULL COMMENT '系统角色编码',
  `role_name` varchar(100) CHARACTER SET utf8mb4 COLLATE utf8mb4_unicode_ci NULL DEFAULT NULL COMMENT '系统角色中文名称',
  `emp_name` varchar(50) CHARACTER SET utf8mb4 COLLATE utf8mb4_unicode_ci NOT NULL COMMENT '姓名',
  `id_card_no` varchar(18) CHARACTER SET utf8mb4 COLLATE utf8mb4_unicode_ci NULL DEFAULT NULL COMMENT '身份证号',
  `team_name` varchar(100) CHARACTER SET utf8mb4 COLLATE utf8mb4_unicode_ci NULL DEFAULT NULL COMMENT '班组',
  `work_type` varchar(50) CHARACTER SET utf8mb4 COLLATE utf8mb4_unicode_ci NULL DEFAULT NULL COMMENT '工种',
  `applicant_type` varchar(30) CHARACTER SET utf8mb4 COLLATE utf8mb4_unicode_ci NOT NULL DEFAULT 'EMPLOYEE' COMMENT '申请人类型: EMPLOYEE/CADRE',
  `position_level_code` varchar(30) CHARACTER SET utf8mb4 COLLATE utf8mb4_unicode_ci NOT NULL DEFAULT 'STAFF' COMMENT '岗位级别: STAFF/GENERAL_CADRE/DEPUTY_SECTION/SECTION_LEVEL/UNIT_DEPUTY/UNIT_PRINCIPAL',
  `leader_group_code` varchar(50) CHARACTER SET utf8mb4 COLLATE utf8mb4_unicode_ci NULL DEFAULT NULL COMMENT '领导分组',
  `org_unit_id` bigint NOT NULL COMMENT '归属组织ID',
  `data_scope` varchar(20) CHARACTER SET utf8mb4 COLLATE utf8mb4_unicode_ci NOT NULL DEFAULT 'SELF' COMMENT '数据范围',
  `approval_scope` varchar(20) CHARACTER SET utf8mb4 COLLATE utf8mb4_unicode_ci NOT NULL DEFAULT 'NONE' COMMENT '审批范围',
  `is_enabled` tinyint NOT NULL DEFAULT 1 COMMENT '是否启用',
  `last_login_at` datetime NULL DEFAULT NULL COMMENT '最后登录时间',
  `created_at` datetime NOT NULL DEFAULT CURRENT_TIMESTAMP COMMENT '创建时间',
  `updated_at` datetime NOT NULL DEFAULT CURRENT_TIMESTAMP ON UPDATE CURRENT_TIMESTAMP COMMENT '更新时间',
  PRIMARY KEY (`id`) USING BTREE,
  UNIQUE INDEX `uk_user_account_username`(`username` ASC) USING BTREE,
  UNIQUE INDEX `uk_user_account_id_card_no`(`id_card_no` ASC) USING BTREE,
  INDEX `idx_user_account_org_unit_id`(`org_unit_id` ASC) USING BTREE,
  INDEX `idx_user_account_role_code`(`role_code` ASC) USING BTREE,
  INDEX `idx_user_account_position_level`(`position_level_code` ASC) USING BTREE,
  CONSTRAINT `fk_user_account_org_unit` FOREIGN KEY (`org_unit_id`) REFERENCES `org_unit` (`id`) ON DELETE RESTRICT ON UPDATE RESTRICT
) ENGINE = InnoDB AUTO_INCREMENT = 68 CHARACTER SET = utf8mb4 COLLATE = utf8mb4_unicode_ci COMMENT = '用户账号表' ROW_FORMAT = DYNAMIC;

-- ----------------------------
-- Records of user_account
-- ----------------------------
INSERT INTO `user_account` VALUES (1, 'sys_admin', '123456', 'SYSTEM_ADMIN', '超级管理员', '系统超级管理员', NULL, NULL, NULL, 'CADRE', 'UNIT_PRINCIPAL', NULL, 1, 'ALL', 'ALL', 1, NULL, '2026-04-17 11:44:34', '2026-04-19 09:41:51');
INSERT INTO `user_account` VALUES (2, 'D01_admin', '123456', 'ATTENDANCE_ADMIN', '考勤管理员', '办公室（党委办公室）考勤管理员', NULL, NULL, NULL, 'EMPLOYEE', 'STAFF', NULL, 2, 'ORG', 'NONE', 1, NULL, '2026-04-17 11:44:34', '2026-04-17 23:33:07');
INSERT INTO `user_account` VALUES (3, 'D01_principal', '123456', 'ORG_PRINCIPAL', '科室车间负责人', '办公室（党委办公室）主任', NULL, NULL, NULL, 'CADRE', 'SECTION_LEVEL', NULL, 2, 'ORG', 'ORG', 1, NULL, '2026-04-17 11:44:34', '2026-04-17 23:33:07');
INSERT INTO `user_account` VALUES (4, 'D02_admin', '123456', 'ATTENDANCE_ADMIN', '考勤管理员', '党群工作科（融媒体工作室）考勤管理员', NULL, NULL, NULL, 'EMPLOYEE', 'STAFF', NULL, 3, 'ORG', 'NONE', 1, NULL, '2026-04-17 11:44:34', '2026-04-17 23:33:07');
INSERT INTO `user_account` VALUES (5, 'D02_principal', '123456', 'ORG_PRINCIPAL', '科室车间负责人', '党群工作科（融媒体工作室）科长', NULL, NULL, NULL, 'CADRE', 'SECTION_LEVEL', NULL, 3, 'ORG', 'ORG', 1, NULL, '2026-04-17 11:44:34', '2026-04-17 23:33:07');
INSERT INTO `user_account` VALUES (6, 'D03_admin', '123456', 'ATTENDANCE_ADMIN', '考勤管理员', '劳动人事科（党委组织科）考勤管理员', NULL, NULL, NULL, 'EMPLOYEE', 'STAFF', NULL, 4, 'ORG', 'NONE', 1, NULL, '2026-04-17 11:44:34', '2026-04-17 23:33:07');
INSERT INTO `user_account` VALUES (7, 'D03_principal', '123456', 'HR_SECTION_CHIEF', '劳动人事科科长', '劳动人事科（党委组织科）科长', NULL, NULL, NULL, 'CADRE', 'SECTION_LEVEL', NULL, 4, 'ALL', 'ALL', 1, NULL, '2026-04-17 11:44:34', '2026-04-17 23:33:07');
INSERT INTO `user_account` VALUES (8, 'D04_admin', '123456', 'ATTENDANCE_ADMIN', '考勤管理员', '财务收入科考勤管理员', NULL, NULL, NULL, 'EMPLOYEE', 'STAFF', NULL, 5, 'ORG', 'NONE', 1, NULL, '2026-04-17 11:44:34', '2026-04-17 23:33:07');
INSERT INTO `user_account` VALUES (9, 'D04_principal', '123456', 'ORG_PRINCIPAL', '科室车间负责人', '财务收入科科长', NULL, NULL, NULL, 'CADRE', 'SECTION_LEVEL', NULL, 5, 'ORG', 'ORG', 1, NULL, '2026-04-17 11:44:34', '2026-04-17 23:33:07');
INSERT INTO `user_account` VALUES (10, 'D05_admin', '123456', 'ATTENDANCE_ADMIN', '考勤管理员', '职工培训科考勤管理员', NULL, NULL, NULL, 'EMPLOYEE', 'STAFF', NULL, 6, 'ORG', 'NONE', 1, NULL, '2026-04-17 11:44:34', '2026-04-17 23:33:07');
INSERT INTO `user_account` VALUES (11, 'D05_principal', '123456', 'ORG_PRINCIPAL', '科室车间负责人', '职工培训科科长', NULL, NULL, NULL, 'CADRE', 'SECTION_LEVEL', NULL, 6, 'ORG', 'ORG', 1, NULL, '2026-04-17 11:44:34', '2026-04-17 23:33:07');
INSERT INTO `user_account` VALUES (12, 'D06_admin', '123456', 'ATTENDANCE_ADMIN', '考勤管理员', '运输业务科考勤管理员', NULL, NULL, NULL, 'EMPLOYEE', 'STAFF', NULL, 7, 'ORG', 'NONE', 1, NULL, '2026-04-17 11:44:34', '2026-04-17 23:33:07');
INSERT INTO `user_account` VALUES (13, 'D06_principal', '123456', 'ORG_PRINCIPAL', '科室车间负责人', '运输业务科科长', NULL, NULL, NULL, 'CADRE', 'SECTION_LEVEL', NULL, 7, 'ORG', 'ORG', 1, NULL, '2026-04-17 11:44:34', '2026-04-17 23:33:07');
INSERT INTO `user_account` VALUES (14, 'D07_admin', '123456', 'ATTENDANCE_ADMIN', '考勤管理员', '技术科考勤管理员', NULL, NULL, NULL, 'EMPLOYEE', 'STAFF', NULL, 8, 'ORG', 'NONE', 1, NULL, '2026-04-17 11:44:34', '2026-04-17 23:33:07');
INSERT INTO `user_account` VALUES (15, 'D07_principal', '123456', 'ORG_PRINCIPAL', '科室车间负责人', '技术科科长', NULL, NULL, NULL, 'CADRE', 'SECTION_LEVEL', NULL, 8, 'ORG', 'ORG', 1, NULL, '2026-04-17 11:44:34', '2026-04-17 23:33:07');
INSERT INTO `user_account` VALUES (16, 'D08_admin', '123456', 'ATTENDANCE_ADMIN', '考勤管理员', '安全科（武装保卫科）考勤管理员', NULL, NULL, NULL, 'EMPLOYEE', 'STAFF', NULL, 9, 'ORG', 'NONE', 1, NULL, '2026-04-17 11:44:34', '2026-04-17 23:33:07');
INSERT INTO `user_account` VALUES (17, 'D08_principal', '123456', 'ORG_PRINCIPAL', '科室车间负责人', '安全科（武装保卫科）科长', NULL, NULL, NULL, 'CADRE', 'SECTION_LEVEL', NULL, 9, 'ORG', 'ORG', 1, NULL, '2026-04-17 11:44:34', '2026-04-17 23:33:07');
INSERT INTO `user_account` VALUES (18, 'W01_admin', '123456', 'ATTENDANCE_ADMIN', '考勤管理员', '运转一车间考勤管理员', NULL, NULL, NULL, 'EMPLOYEE', 'STAFF', NULL, 10, 'ORG', 'NONE', 1, NULL, '2026-04-17 11:44:34', '2026-04-17 23:33:07');
INSERT INTO `user_account` VALUES (19, 'W01_principal', '123456', 'ORG_PRINCIPAL', '科室车间负责人', '运转一车间主任', NULL, NULL, NULL, 'CADRE', 'SECTION_LEVEL', NULL, 10, 'ORG', 'ORG', 1, NULL, '2026-04-17 11:44:34', '2026-04-17 23:33:07');
INSERT INTO `user_account` VALUES (20, 'W02_admin', '123456', 'ATTENDANCE_ADMIN', '考勤管理员', '运转二车间考勤管理员', NULL, NULL, NULL, 'EMPLOYEE', 'STAFF', NULL, 11, 'ORG', 'NONE', 1, NULL, '2026-04-17 11:44:34', '2026-04-17 23:33:07');
INSERT INTO `user_account` VALUES (21, 'W02_principal', '123456', 'ORG_PRINCIPAL', '科室车间负责人', '运转二车间主任', NULL, NULL, NULL, 'CADRE', 'SECTION_LEVEL', NULL, 11, 'ORG', 'ORG', 1, NULL, '2026-04-17 11:44:34', '2026-04-17 23:33:07');
INSERT INTO `user_account` VALUES (22, 'W03_admin', '123456', 'ATTENDANCE_ADMIN', '考勤管理员', '运转三车间考勤管理员', NULL, NULL, NULL, 'EMPLOYEE', 'STAFF', NULL, 12, 'ORG', 'NONE', 1, NULL, '2026-04-17 11:44:34', '2026-04-17 23:33:07');
INSERT INTO `user_account` VALUES (23, 'W03_principal', '123456', 'ORG_PRINCIPAL', '科室车间负责人', '运转三车间主任', NULL, NULL, NULL, 'CADRE', 'SECTION_LEVEL', NULL, 12, 'ORG', 'ORG', 1, NULL, '2026-04-17 11:44:34', '2026-04-17 23:33:07');
INSERT INTO `user_account` VALUES (24, 'W04_admin', '123456', 'ATTENDANCE_ADMIN', '考勤管理员', '运转四车间考勤管理员', NULL, NULL, NULL, 'EMPLOYEE', 'STAFF', NULL, 13, 'ORG', 'NONE', 1, NULL, '2026-04-17 11:44:34', '2026-04-17 23:33:07');
INSERT INTO `user_account` VALUES (25, 'W04_principal', '123456', 'ORG_PRINCIPAL', '科室车间负责人', '运转四车间主任', NULL, NULL, NULL, 'CADRE', 'SECTION_LEVEL', NULL, 13, 'ORG', 'ORG', 1, NULL, '2026-04-17 11:44:34', '2026-04-17 23:33:07');
INSERT INTO `user_account` VALUES (26, 'W05_admin', '123456', 'ATTENDANCE_ADMIN', '考勤管理员', '调度车间考勤管理员', NULL, NULL, NULL, 'EMPLOYEE', 'STAFF', NULL, 14, 'ORG', 'NONE', 1, NULL, '2026-04-17 11:44:34', '2026-04-17 23:33:07');
INSERT INTO `user_account` VALUES (27, 'W05_principal', '123456', 'ORG_PRINCIPAL', '科室车间负责人', '调度车间主任', NULL, NULL, NULL, 'CADRE', 'SECTION_LEVEL', NULL, 14, 'ORG', 'ORG', 1, NULL, '2026-04-17 11:44:34', '2026-04-17 23:33:07');
INSERT INTO `user_account` VALUES (28, 'W06_admin', '123456', 'ATTENDANCE_ADMIN', '考勤管理员', '货检车间考勤管理员', NULL, NULL, NULL, 'EMPLOYEE', 'STAFF', NULL, 15, 'ORG', 'NONE', 1, NULL, '2026-04-17 11:44:34', '2026-04-17 23:33:07');
INSERT INTO `user_account` VALUES (29, 'W06_principal', '123456', 'ORG_PRINCIPAL', '科室车间负责人', '货检车间主任', NULL, NULL, NULL, 'CADRE', 'SECTION_LEVEL', NULL, 15, 'ORG', 'ORG', 1, NULL, '2026-04-17 11:44:34', '2026-04-17 23:33:07');
INSERT INTO `user_account` VALUES (30, 'W07_admin', '123456', 'ATTENDANCE_ADMIN', '考勤管理员', '设备检修车间考勤管理员', NULL, NULL, NULL, 'EMPLOYEE', 'STAFF', NULL, 16, 'ORG', 'NONE', 1, NULL, '2026-04-17 11:44:34', '2026-04-17 23:33:07');
INSERT INTO `user_account` VALUES (31, 'W07_principal', '123456', 'ORG_PRINCIPAL', '科室车间负责人', '设备检修车间主任', NULL, NULL, NULL, 'CADRE', 'SECTION_LEVEL', NULL, 16, 'ORG', 'ORG', 1, NULL, '2026-04-17 11:44:34', '2026-04-17 23:33:07');
INSERT INTO `user_account` VALUES (32, 'W08_admin', '123456', 'ATTENDANCE_ADMIN', '考勤管理员', '塘沽运转车间考勤管理员', NULL, NULL, NULL, 'EMPLOYEE', 'STAFF', NULL, 17, 'ORG', 'NONE', 1, NULL, '2026-04-17 11:44:34', '2026-04-17 23:33:07');
INSERT INTO `user_account` VALUES (33, 'W08_principal', '123456', 'ORG_PRINCIPAL', '科室车间负责人', '塘沽运转车间主任', NULL, NULL, NULL, 'CADRE', 'SECTION_LEVEL', NULL, 17, 'ORG', 'ORG', 1, NULL, '2026-04-17 11:44:34', '2026-04-17 23:33:07');
INSERT INTO `user_account` VALUES (34, 'W09_admin', '123456', 'ATTENDANCE_ADMIN', '考勤管理员', '新港编组场车间考勤管理员', NULL, NULL, NULL, 'EMPLOYEE', 'STAFF', NULL, 18, 'ORG', 'NONE', 1, NULL, '2026-04-17 11:44:34', '2026-04-22 20:51:58');
INSERT INTO `user_account` VALUES (35, 'W09_principal', '123456', 'ORG_PRINCIPAL', '科室车间负责人', '新港编组场车间主任', NULL, NULL, NULL, 'CADRE', 'SECTION_LEVEL', NULL, 18, 'ORG', 'ORG', 1, NULL, '2026-04-17 11:44:34', '2026-04-17 23:33:07');
INSERT INTO `user_account` VALUES (36, 'W10_admin', '123456', 'ATTENDANCE_ADMIN', '考勤管理员', '新港一区运转车间考勤管理员', NULL, NULL, NULL, 'EMPLOYEE', 'STAFF', NULL, 19, 'ORG', 'NONE', 1, NULL, '2026-04-17 11:44:34', '2026-04-17 23:33:07');
INSERT INTO `user_account` VALUES (37, 'W10_principal', '123456', 'ORG_PRINCIPAL', '科室车间负责人', '新港一区运转车间主任', NULL, NULL, NULL, 'CADRE', 'SECTION_LEVEL', NULL, 19, 'ORG', 'ORG', 1, NULL, '2026-04-17 11:44:34', '2026-04-17 23:33:07');
INSERT INTO `user_account` VALUES (38, 'W11_admin', '123456', 'ATTENDANCE_ADMIN', '考勤管理员', '新港二区运转车间考勤管理员', NULL, NULL, NULL, 'EMPLOYEE', 'STAFF', NULL, 20, 'ORG', 'NONE', 1, NULL, '2026-04-17 11:44:34', '2026-04-17 23:33:07');
INSERT INTO `user_account` VALUES (39, 'W11_principal', '123456', 'ORG_PRINCIPAL', '科室车间负责人', '新港二区运转车间主任', NULL, NULL, NULL, 'CADRE', 'SECTION_LEVEL', NULL, 20, 'ORG', 'ORG', 1, NULL, '2026-04-17 11:44:34', '2026-04-17 23:33:07');
INSERT INTO `user_account` VALUES (40, 'W12_admin', '123456', 'ATTENDANCE_ADMIN', '考勤管理员', '塘沽调度车间考勤管理员', NULL, NULL, NULL, 'EMPLOYEE', 'STAFF', NULL, 21, 'ORG', 'NONE', 1, NULL, '2026-04-17 11:44:34', '2026-04-17 23:33:07');
INSERT INTO `user_account` VALUES (41, 'W12_principal', '123456', 'ORG_PRINCIPAL', '科室车间负责人', '塘沽调度车间主任', NULL, NULL, NULL, 'CADRE', 'SECTION_LEVEL', NULL, 21, 'ORG', 'ORG', 1, NULL, '2026-04-17 11:44:34', '2026-04-17 23:33:07');
INSERT INTO `user_account` VALUES (42, 'W13_admin', '123456', 'ATTENDANCE_ADMIN', '考勤管理员', '塘沽客运车间考勤管理员', NULL, NULL, NULL, 'EMPLOYEE', 'STAFF', NULL, 22, 'ORG', 'NONE', 1, NULL, '2026-04-17 11:44:34', '2026-04-17 23:33:07');
INSERT INTO `user_account` VALUES (43, 'W13_principal', '123456', 'ORG_PRINCIPAL', '科室车间负责人', '塘沽客运车间主任', NULL, NULL, NULL, 'CADRE', 'SECTION_LEVEL', NULL, 22, 'ORG', 'ORG', 1, NULL, '2026-04-17 11:44:34', '2026-04-17 23:33:07');
INSERT INTO `user_account` VALUES (44, 'W14_admin', '123456', 'ATTENDANCE_ADMIN', '考勤管理员', '信息化车间考勤管理员', NULL, NULL, NULL, 'EMPLOYEE', 'STAFF', NULL, 23, 'ORG', 'NONE', 1, NULL, '2026-04-17 11:44:34', '2026-04-17 23:33:07');
INSERT INTO `user_account` VALUES (45, 'W14_principal', '123456', 'ORG_PRINCIPAL', '科室车间负责人', '信息化车间主任', NULL, NULL, NULL, 'CADRE', 'SECTION_LEVEL', NULL, 23, 'ORG', 'ORG', 1, NULL, '2026-04-17 11:44:34', '2026-04-17 23:33:07');
INSERT INTO `user_account` VALUES (46, 'W15_admin', '123456', 'ATTENDANCE_ADMIN', '考勤管理员', '安全生产指挥中心考勤管理员', NULL, NULL, NULL, 'EMPLOYEE', 'STAFF', NULL, 24, 'ORG', 'NONE', 1, NULL, '2026-04-17 11:44:34', '2026-04-17 23:33:07');
INSERT INTO `user_account` VALUES (47, 'W15_principal', '123456', 'ORG_PRINCIPAL', '科室车间负责人', '安全生产指挥中心主任', NULL, NULL, NULL, 'CADRE', 'SECTION_LEVEL', NULL, 24, 'ORG', 'ORG', 1, NULL, '2026-04-17 11:44:34', '2026-04-17 23:33:07');
INSERT INTO `user_account` VALUES (48, 'W16_admin', '123456', 'ATTENDANCE_ADMIN', '考勤管理员', '经营开发部考勤管理员', NULL, NULL, NULL, 'EMPLOYEE', 'STAFF', NULL, 25, 'ORG', 'NONE', 1, NULL, '2026-04-17 11:44:34', '2026-04-17 23:33:07');
INSERT INTO `user_account` VALUES (49, 'W16_principal', '123456', 'ORG_PRINCIPAL', '科室车间负责人', '经营开发部主任', NULL, NULL, NULL, 'CADRE', 'SECTION_LEVEL', NULL, 25, 'ORG', 'ORG', 1, NULL, '2026-04-17 11:44:34', '2026-04-17 23:33:07');
INSERT INTO `user_account` VALUES (50, 'W17_admin', '123456', 'ATTENDANCE_ADMIN', '考勤管理员', '车务设备维修站考勤管理员', NULL, NULL, NULL, 'EMPLOYEE', 'STAFF', NULL, 26, 'ORG', 'NONE', 1, NULL, '2026-04-17 11:44:34', '2026-04-17 23:33:07');
INSERT INTO `user_account` VALUES (51, 'W17_principal', '123456', 'ORG_PRINCIPAL', '科室车间负责人', '车务设备维修站主任', NULL, NULL, NULL, 'CADRE', 'SECTION_LEVEL', NULL, 26, 'ORG', 'ORG', 1, NULL, '2026-04-17 11:44:34', '2026-04-17 23:33:07');
INSERT INTO `user_account` VALUES (52, 'W18_admin', '123456', 'ATTENDANCE_ADMIN', '考勤管理员', '张贵庄站考勤管理员', NULL, NULL, NULL, 'EMPLOYEE', 'STAFF', NULL, 27, 'ORG', 'NONE', 1, NULL, '2026-04-17 11:44:34', '2026-04-17 23:33:07');
INSERT INTO `user_account` VALUES (53, 'W18_principal', '123456', 'ORG_PRINCIPAL', '科室车间负责人', '张贵庄站主任', NULL, NULL, NULL, 'CADRE', 'SECTION_LEVEL', NULL, 27, 'ORG', 'ORG', 1, NULL, '2026-04-17 11:44:34', '2026-04-17 23:33:07');
INSERT INTO `user_account` VALUES (54, 'W19_admin', '123456', 'ATTENDANCE_ADMIN', '考勤管理员', '军粮城站考勤管理员', NULL, NULL, NULL, 'EMPLOYEE', 'STAFF', NULL, 28, 'ORG', 'NONE', 1, NULL, '2026-04-17 11:44:34', '2026-04-17 23:33:07');
INSERT INTO `user_account` VALUES (55, 'W19_principal', '123456', 'ORG_PRINCIPAL', '科室车间负责人', '军粮城站主任', NULL, NULL, NULL, 'CADRE', 'SECTION_LEVEL', NULL, 28, 'ORG', 'ORG', 1, NULL, '2026-04-17 11:44:34', '2026-04-17 23:33:07');
INSERT INTO `user_account` VALUES (56, 'W20_admin', '123456', 'ATTENDANCE_ADMIN', '考勤管理员', '北塘站考勤管理员', NULL, NULL, NULL, 'EMPLOYEE', 'STAFF', NULL, 29, 'ORG', 'NONE', 1, NULL, '2026-04-17 11:44:34', '2026-04-17 23:33:07');
INSERT INTO `user_account` VALUES (57, 'W20_principal', '123456', 'ORG_PRINCIPAL', '科室车间负责人', '北塘站主任', NULL, NULL, NULL, 'CADRE', 'SECTION_LEVEL', NULL, 29, 'ORG', 'ORG', 1, NULL, '2026-04-17 11:44:34', '2026-04-17 23:33:07');
INSERT INTO `user_account` VALUES (58, 'leader_01', '123456', 'DEPUTY_STATIONMASTER', '主管站长', '主管站长1', NULL, NULL, NULL, 'CADRE', 'UNIT_DEPUTY', 'SUPERVISOR_LEADER', 1, 'ALL', 'ALL', 1, NULL, '2026-04-17 11:44:34', '2026-04-19 09:41:43');
INSERT INTO `user_account` VALUES (59, 'leader_02', '123456', 'STATIONMASTER', '站长', '站长', NULL, NULL, NULL, 'CADRE', 'UNIT_PRINCIPAL', 'PARTY_AND_PRINCIPAL', 1, 'ALL', 'ALL', 1, NULL, '2026-04-17 11:44:34', '2026-04-19 09:41:43');
INSERT INTO `user_account` VALUES (60, 'leader_03', '123456', 'PARTY_SECRETARY', '党委书记', '党委书记', NULL, NULL, NULL, 'CADRE', 'UNIT_PRINCIPAL', 'PARTY_AND_PRINCIPAL', 1, 'ALL', 'ALL', 1, NULL, '2026-04-17 11:44:34', '2026-04-19 09:41:43');
INSERT INTO `user_account` VALUES (61, 'leader_04', '123456', 'UNIT_LEADER', '单位领导', '单位领导4', NULL, NULL, NULL, 'CADRE', 'UNIT_PRINCIPAL', 'UNIT_LEADER', 1, 'ALL', 'NONE', 1, NULL, '2026-04-17 11:44:34', '2026-04-19 09:41:43');
INSERT INTO `user_account` VALUES (62, 'leader_05', '123456', 'UNIT_LEADER', '单位领导', '单位领导5', NULL, NULL, NULL, 'CADRE', 'UNIT_PRINCIPAL', 'UNIT_LEADER', 1, 'ALL', 'NONE', 1, NULL, '2026-04-17 11:44:34', '2026-04-19 09:41:43');
INSERT INTO `user_account` VALUES (63, 'leader_06', '123456', 'UNIT_LEADER', '单位领导', '单位领导6', NULL, NULL, NULL, 'CADRE', 'UNIT_PRINCIPAL', 'UNIT_LEADER', 1, 'ALL', 'NONE', 1, NULL, '2026-04-17 11:44:34', '2026-04-19 09:41:43');
INSERT INTO `user_account` VALUES (64, 'leader_07', '123456', 'UNIT_LEADER', '单位领导', '单位领导7', NULL, NULL, NULL, 'CADRE', 'UNIT_PRINCIPAL', 'UNIT_LEADER', 1, 'ALL', 'NONE', 1, NULL, '2026-04-17 11:44:34', '2026-04-19 09:41:43');
INSERT INTO `user_account` VALUES (65, 'leader_08', '123456', 'UNIT_LEADER', '单位领导', '单位领导8', NULL, NULL, NULL, 'CADRE', 'UNIT_PRINCIPAL', 'UNIT_LEADER', 1, 'ALL', 'NONE', 1, NULL, '2026-04-17 11:44:34', '2026-04-19 09:41:43');
INSERT INTO `user_account` VALUES (66, 'leader_09', '123456', 'UNIT_LEADER', '单位领导', '单位领导9', NULL, NULL, NULL, 'CADRE', 'UNIT_PRINCIPAL', 'UNIT_LEADER', 1, 'ALL', 'NONE', 1, NULL, '2026-04-17 11:44:34', '2026-04-19 09:41:43');
INSERT INTO `user_account` VALUES (67, 'admin123', '$2a$10$hTakFxPGLgECl1T8kpIMe.oA7rs5D4fmuOlgoewlWlp5r8aX9cRcy', 'ATTENDANCE_ADMIN', NULL, '骚逼牛子', NULL, NULL, NULL, 'EMPLOYEE', 'STAFF', NULL, 6, 'SELF', 'NONE', 1, NULL, '2026-04-19 16:56:16', '2026-04-19 17:14:10');

-- ----------------------------
-- Table structure for user_message
-- ----------------------------
DROP TABLE IF EXISTS `user_message`;
CREATE TABLE `user_message`  (
  `id` bigint NOT NULL AUTO_INCREMENT COMMENT '主键',
  `sender_user_id` bigint NOT NULL COMMENT '发送人账号ID',
  `target_user_id` bigint NOT NULL COMMENT '接收人账号ID',
  `title` varchar(100) CHARACTER SET utf8mb4 COLLATE utf8mb4_unicode_ci NOT NULL COMMENT '提示标题',
  `content` varchar(1000) CHARACTER SET utf8mb4 COLLATE utf8mb4_unicode_ci NOT NULL COMMENT '提示内容',
  `created_at` datetime NOT NULL DEFAULT CURRENT_TIMESTAMP COMMENT '创建时间',
  PRIMARY KEY (`id`) USING BTREE,
  INDEX `idx_user_message_target_user_id`(`target_user_id` ASC) USING BTREE,
  INDEX `idx_user_message_sender_user_id`(`sender_user_id` ASC) USING BTREE,
  CONSTRAINT `fk_user_message_sender_user` FOREIGN KEY (`sender_user_id`) REFERENCES `user_account` (`id`) ON DELETE RESTRICT ON UPDATE RESTRICT,
  CONSTRAINT `fk_user_message_target_user` FOREIGN KEY (`target_user_id`) REFERENCES `user_account` (`id`) ON DELETE RESTRICT ON UPDATE RESTRICT
) ENGINE = InnoDB AUTO_INCREMENT = 3 CHARACTER SET = utf8mb4 COLLATE = utf8mb4_unicode_ci COMMENT = '用户信息提示表' ROW_FORMAT = DYNAMIC;

-- ----------------------------
-- Records of user_message
-- ----------------------------
INSERT INTO `user_message` VALUES (1, 1, 67, '标题', '发消息了', '2026-04-20 16:12:38');
INSERT INTO `user_message` VALUES (2, 1, 66, '标题', '发消息了', '2026-04-20 16:12:38');

SET FOREIGN_KEY_CHECKS = 1;
